Date Time,SPI in ms,Index High,Index Middle,Index Low,,Samples
13-12-2022   14:29:44,,0,1,1707,,1914,1904,1911,1901,1900,1889,1877,1838,1815,1757,1671,1568,1551,1675,1942,2286,2620,3108,3817,3521,1808,164,0,936,1757,1980,2003,2010,2009,2000,1983,1971,1956,1958,1945,
13-12-2022   14:29:44,1208,0,13,905,,1918,1912,1908,1898,1898,1884,1837,1816,1757,1676,1563,1532,1670,1948,2279,2660,3158,3825,3501,1804,191,0,891,1743,1966,2011,2021,2010,1999,1980,1972,1961,1946,1947,1913,
13-12-2022   14:29:44,4,0,13,1088,,1975,1996,2001,2000,1968,1913,1869,1829,1828,1813,1820,1839,1845,1867,1866,1861,1874,1888,1874,1891,1888,1902,1901,1892,1908,1899,1903,1900,1887,1899,1906,1909,1906,1897,1908,
13-12-2022   14:29:45,287,0,16,299,,1902,1912,1908,1896,1895,1893,1875,1845,1769,1718,1622,1541,1591,1780,2157,2484,2855,3540,3793,2732,853,0,268,1419,1908,2016,2019,2003,1999,1978,1978,1968,1961,1947,1933,
13-12-2022   14:29:45,152,0,17,2319,,1909,1911,1907,1899,1900,1883,1873,1847,1788,1735,1630,1533,1577,1758,2070,2409,2768,3389,3838,2829,937,0,223,1367,1871,2002,2014,2023,2005,1986,1978,1971,1957,1938,1932,
13-12-2022   14:29:45,131,0,18,3500,,1905,1911,1895,1894,1904,1887,1870,1839,1778,1714,1608,1525,1602,1823,2156,2486,2874,3586,3794,2606,700,0,586,1606,1942,2012,2018,2013,2001,1988,1969,1956,1957,1945,1932,
13-12-2022   14:29:45,246,0,21,1052,,1912,1908,1899,1897,1890,1874,1851,1806,1749,1650,1545,1561,1720,2031,2367,2703,3285,3861,3235,1365,0,207,1366,1874,2000,2028,2006,2002,1984,1982,1969,1951,1948,1936,1941,
13-12-2022   14:29:46,275,0,23,3899,,1912,1893,1900,1892,1899,1891,1869,1843,1789,1732,1638,1529,1578,1768,2090,2421,2778,3438,3861,2978,1055,0,325,1449,1892,2003,2016,2021,2007,1969,1971,1964,1960,1954,1934,
13-12-2022   14:29:46,269,0,26,2402,,1894,1905,1903,1908,1900,1889,1879,1866,1828,1756,1680,1576,1545,1652,1917,2250,2591,3060,3764,3602,1984,284,0,813,1712,1966,2018,2020,1999,1994,1982,1960,1956,1951,1945,
13-12-2022   14:29:46,254,0,29,300,,1898,1900,1910,1905,1881,1878,1865,1821,1767,1656,1565,1539,1666,1941,2268,2611,3098,3794,3531,1861,191,0,900,1744,1975,2013,2019,2004,1994,1984,1963,1960,1953,1945,1939,
13-12-2022   14:29:46,103,0,30,331,,1912,1911,1905,1883,1889,1881,1857,1821,1758,1683,1568,1537,1645,1927,2272,2603,3082,3813,3572,1885,210,0,884,1745,1965,2017,2017,2014,1998,1982,1974,1950,1947,1940,1933,
13-12-2022   14:29:46,40,0,30,1939,,1901,1900,1902,1899,1896,1892,1862,1839,1790,1705,1597,1525,1613,1844,2171,2505,2913,3688,3772,2408,557,0,569,1611,1933,2015,2022,1991,1992,1982,1971,1964,1946,1946,1949,
13-12-2022   14:29:46,33,0,30,3268,,1910,1912,1902,1901,1896,1884,1865,1814,1774,1690,1566,1537,1654,1917,2260,2585,3054,3838,3584,1893,186,0,1049,1788,1982,2001,2016,2012,1992,1985,1968,1960,1954,1939,1937,
13-12-2022   14:29:46,39,0,31,757,,1902,1906,1907,1905,1903,1890,1883,1845,1811,1726,1635,1545,1562,1731,2040,2366,2717,3344,3902,3143,1226,0,93,1290,1868,1998,2024,2017,1989,1990,1979,1969,1958,1943,1942,
13-12-2022   14:29:46,25,0,31,1780,,1903,1907,1910,1904,1897,1887,1880,1843,1794,1746,1646,1547,1572,1754,2126,2455,2811,3537,3878,2854,937,0,292,1466,1914,1992,2007,2012,2005,1989,1973,1953,1956,1947,1909,
13-12-2022   14:29:46,95,0,32,1515,,1909,1900,1905,1900,1891,1882,1846,1822,1772,1673,1564,1550,1676,1950,2278,2606,3123,3837,3506,1747,135,0,1125,1815,1972,2020,2017,2003,1996,1982,1967,1963,1946,1947,1927,
13-12-2022   14:29:46,106,0,33,1693,,1916,1905,1910,1907,1903,1895,1858,1849,1813,1759,1670,1550,1556,1688,1967,2313,2644,3193,3866,3402,1602,49,0,1074,1795,1973,2015,2010,2009,1986,1985,1967,1954,1951,1930,
13-12-2022   14:29:46,128,0,34,2729,,1908,1905,1900,1902,1896,1889,1879,1848,1800,1749,1630,1534,1571,1738,2049,2380,2780,3462,3881,2945,1059,0,160,1332,1865,1998,2015,2018,2009,1982,1980,1971,1960,1951,1935,
13-12-2022   14:29:46,58,0,35,976,,1907,1897,1904,1899,1895,1879,1852,1820,1750,1663,1552,1544,1697,1998,2328,2673,3239,3878,3318,1464,0,0,1156,1829,1983,2021,1999,1997,1995,1974,1972,1960,1949,1942,1936,
13-12-2022   14:29:46,33,0,35,2308,,1906,1911,1911,1904,1891,1883,1875,1843,1809,1735,1637,1538,1576,1765,2083,2417,2787,3481,3883,2880,945,0,425,1506,1914,1999,2015,2016,2006,1991,1970,1970,1957,1940,1940,
13-12-2022   14:29:46,26,0,35,3360,,1912,1912,1902,1893,1888,1894,1875,1845,1803,1739,1627,1533,1578,1773,2109,2436,2830,3570,3867,2689,766,0,404,1529,1926,2006,2026,2011,1996,1988,1972,1949,1951,1941,1941,
13-12-2022   14:29:46,22,0,36,167,,1905,1909,1901,1888,1897,1891,1868,1826,1765,1676,1563,1538,1696,1992,2341,2697,3287,3936,3206,1292,0,70,1291,1868,1998,2022,2010,2003,1991,1958,1960,1958,1952,1947,1934,
13-12-2022   14:29:46,21,0,36,1032,,1911,1901,1906,1899,1899,1894,1883,1853,1802,1744,1623,1525,1589,1800,2142,2464,2853,3657,3821,2487,617,0,550,1609,1932,2011,2024,2017,1998,1969,1970,1967,1952,1948,1930,
13-12-2022   14:29:47,100,0,37,941,,1913,1893,1895,1901,1892,1891,1867,1824,1788,1717,1599,1523,1610,1858,2194,2520,2949,3710,3728,2276,479,0,650,1651,1949,2007,2021,2013,1999,1975,1964,1964,1957,1935,1939,
13-12-2022   14:29:47,98,0,38,789,,1914,1911,1905,1909,1894,1892,1877,1830,1806,1740,1644,1541,1587,1792,2121,2446,2798,3493,3858,2872,990,0,210,1395,1890,1978,2013,2010,2003,1991,1969,1970,1960,1942,1941,
13-12-2022   14:29:47,115,0,39,1305,,1912,1909,1900,1898,1896,1893,1877,1849,1806,1745,1642,1535,1560,1750,2060,2402,2758,3415,3874,3002,1084,0,171,1361,1884,1996,2017,2008,2011,1991,1964,1966,1959,1953,1940,
13-12-2022   14:29:47,132,0,40,2519,,1912,1915,1899,1903,1901,1879,1871,1839,1802,1733,1603,1534,1602,1821,2132,2450,2838,3540,3837,2726,841,0,357,1465,1910,2013,2024,2014,1994,1988,1977,1963,1940,1936,1942,
13-12-2022   14:29:47,151,0,42,369,,1900,1902,1908,1898,1898,1880,1851,1829,1765,1668,1569,1538,1670,1954,2278,2619,3122,3840,3495,1729,145,0,978,1772,1973,2016,2026,2006,1987,1973,1967,1961,1941,1942,1946,
13-12-2022   14:29:47,157,0,43,2575,,1908,1904,1907,1900,1891,1880,1861,1822,1783,1711,1593,1536,1625,1871,2194,2529,2981,3734,3698,2188,418,0,738,1655,1947,2008,2018,2013,1995,1984,1967,1961,1956,1926,1941,
13-12-2022   14:29:47,77,0,44,1588,,1885,1902,1911,1905,1903,1882,1874,1850,1800,1740,1621,1538,1590,1774,2101,2431,2809,3508,3853,2798,908,0,312,1454,1908,2006,2016,2014,1988,1986,1976,1957,1956,1952,1937,
13-12-2022   14:29:47,33,0,44,2921,,1901,1908,1907,1903,1894,1885,1870,1836,1773,1705,1584,1534,1630,1868,2216,2540,2991,3760,3667,2115,369,0,758,1687,1977,2016,2016,1998,1988,1986,1972,1950,1949,1945,1943,
13-12-2022   14:29:47,27,0,44,4019,,1910,1907,1905,1895,1897,1884,1847,1797,1754,1664,1552,1548,1713,2021,2346,2703,3331,3909,3149,1237,0,96,1308,1871,1992,2014,2005,1993,1990,1972,1975,1956,1941,1942,1936,
13-12-2022   14:29:47,27,0,45,1004,,1911,1911,1910,1899,1900,1883,1870,1851,1812,1751,1646,1538,1577,1749,2074,2396,2762,3476,3890,2876,965,0,280,1445,1889,1997,2019,2012,2010,1984,1976,1965,1946,1934,1935,
13-12-2022   14:29:47,24,0,45,1998,,1911,1910,1906,1902,1893,1895,1876,1824,1792,1727,1617,1534,1621,1862,2195,2516,2919,3720,3753,2301,484,0,657,1655,1950,1991,2011,2006,1995,1983,1961,1962,1951,1938,1941,
13-12-2022   14:29:47,22,0,45,2903,,1909,1896,1910,1907,1886,1890,1867,1843,1799,1722,1613,1528,1605,1837,2158,2506,2934,3769,3726,2210,445,0,724,1670,1944,2017,2015,2002,1998,1977,1971,1963,1929,1940,1940,
13-12-2022   14:29:47,22,0,45,3809,,1902,1911,1907,1905,1895,1893,1879,1843,1809,1720,1622,1541,1581,1797,2134,2460,2857,3653,3812,2486,652,0,533,1601,1938,2000,2015,2018,1990,1980,1966,1965,1952,1942,1941,
13-12-2022   14:29:48,23,0,46,672,,1910,1907,1907,1909,1891,1892,1869,1848,1812,1744,1646,1536,1573,1764,2084,2423,2790,3531,3863,2738,851,0,383,1509,1917,1992,2017,2000,2001,1985,1966,1965,1953,1947,1928,
13-12-2022   14:29:48,98,0,47,534,,1905,1910,1897,1889,1895,1883,1862,1826,1766,1690,1573,1533,1665,1944,2290,2623,3145,3861,3444,1680,111,0,1033,1786,1982,2016,2011,2007,1993,1954,1964,1962,1953,1942,1932,
13-12-2022   14:29:48,85,0,47,3956,,1905,1909,1908,1895,1890,1897,1878,1852,1805,1749,1644,1548,1579,1727,2061,2395,2748,3427,3880,2973,1073,0,318,1453,1904,2003,2011,2009,2000,1979,1978,1968,1953,1946,1934,
13-12-2022   14:29:48,109,0,49,162,,1911,1900,1910,1912,1905,1892,1868,1834,1808,1742,1639,1536,1576,1758,2071,2413,2773,3458,3858,2891,974,0,246,1511,1907,2005,2010,2001,1996,1991,1976,1964,1949,1948,1945,
13-12-2022   14:29:48,114,0,50,641,,1910,1904,1908,1905,1893,1878,1865,1838,1790,1715,1601,1538,1618,1853,2166,2514,2944,3689,3731,2279,508,0,636,1621,1942,2010,2018,2007,1993,1979,1969,1960,1949,1937,1937,
13-12-2022   14:29:48,139,0,51,2117,,1908,1913,1904,1904,1897,1885,1872,1836,1783,1708,1587,1534,1633,1869,2201,2525,2974,3719,3686,2192,458,0,689,1654,1950,2020,2005,2006,1990,1986,1973,1958,1956,1939,1941,
13-12-2022   14:29:48,136,0,52,3462,,1915,1910,1901,1901,1895,1890,1871,1833,1786,1713,1607,1524,1601,1840,2183,2511,2930,3678,3731,2353,538,0,595,1614,1944,2003,2015,2011,2000,1984,1963,1959,1954,1946,1938,
13-12-2022   14:29:49,148,0,54,1195,,1907,1910,1907,1896,1891,1885,1864,1828,1760,1677,1563,1547,1681,1946,2296,2635,3168,3867,3409,1632,90,0,1030,1787,1972,2018,2009,2005,1988,1973,1965,1952,1946,1943,1932,
13-12-2022   14:29:49,149,0,55,3098,,1912,1911,1907,1897,1893,1870,1864,1831,1772,1705,1582,1535,1642,1907,2223,2557,3024,3792,3617,2003,312,0,818,1716,1949,2009,2015,2010,1993,1975,1969,1963,1949,1931,1928,
13-12-2022   14:29:49,191,0,57,2546,,1912,1891,1906,1900,1890,1892,1869,1837,1787,1705,1578,1526,1606,1856,2189,2518,2942,3694,3725,2297,504,0,625,1629,1943,2002,2017,2006,2003,1972,1956,1961,1958,1944,1937,
13-12-2022   14:29:49,232,0,59,3639,,1910,1898,1895,1905,1902,1885,1864,1828,1783,1701,1576,1541,1631,1890,2228,2542,3014,3772,3648,2052,366,0,772,1698,1961,2012,2018,2005,1992,1977,1970,1962,1952,1938,1939,
13-12-2022   14:29:49,282,0,62,2670,,1898,1906,1911,1909,1898,1872,1860,1836,1785,1710,1587,1537,1635,1864,2194,2528,2970,3724,3695,2225,465,0,680,1626,1946,2009,2014,2008,1986,1982,1972,1957,1956,1939,1940,
13-12-2022   14:29:49,247,0,65,270,,1912,1907,1904,1899,1901,1890,1866,1849,1801,1745,1640,1542,1570,1752,2073,2392,2752,3420,3841,2786,941,0,235,1378,1865,1995,2021,2013,1999,1978,1980,1968,1950,1952,1929,
13-12-2022   14:29:51,287,0,67,3586,,1910,1905,1897,1904,1900,1875,1867,1832,1782,1706,1571,1528,1629,1882,2219,2536,2995,3752,3659,2124,412,0,735,1671,1954,2016,2018,2015,1975,1975,1969,1956,1950,1937,1942,
13-12-2022   14:29:51,308,0,70,3621,,1908,1903,1898,1904,1901,1880,1878,1852,1812,1748,1623,1538,1569,1751,2063,2388,2753,3405,3865,2995,1120,0,164,1338,1876,2000,2018,2010,1997,1979,1972,1958,1957,1941,1943,
13-12-2022   14:29:51,385,0,74,2662,,1901,1908,1914,1903,1899,1870,1867,1841,1794,1735,1613,1535,1591,1787,2103,2448,2835,3540,3830,2725,845,0,359,1480,1904,2002,2008,2013,2004,1990,1975,1958,1957,1932,1934,
13-12-2022   14:29:51,631,0,80,3329,,1915,1909,1907,1895,1896,1881,1833,1809,1759,1666,1556,1555,1698,1998,2331,2650,3219,3866,3339,1496,34,0,1121,1815,1980,2014,2015,2008,1995,1971,1965,1957,1943,1942,1921,
13-12-2022   14:29:52,394,0,84,2734,,1912,1901,1906,1901,1899,1884,1843,1813,1767,1681,1563,1547,1680,1960,2292,2617,3151,3851,3460,1700,138,0,1005,1775,1953,2011,2017,2004,1992,1974,1965,1958,1944,1941,1932,
13-12-2022   14:29:52,328,0,87,3573,,1914,1896,1899,1902,1903,1890,1879,1843,1812,1758,1640,1552,1561,1708,2006,2328,2674,3237,3858,3303,1457,0,0,1125,1820,1992,2029,2020,2003,1978,1974,1961,1954,1942,1944,
13-12-2022   14:29:52,328,0,91,340,,1903,1914,1907,1898,1881,1884,1879,1848,1804,1743,1624,1543,1584,1766,2074,2402,2750,3378,3866,3076,1181,0,120,1293,1862,1997,2009,2017,2000,1980,1984,1963,1942,1939,1933,
13-12-2022   14:29:53,305,0,94,280,,1913,1912,1902,1906,1892,1893,1859,1832,1803,1739,1633,1540,1573,1769,2086,2411,2778,3444,3860,2923,1006,0,375,1487,1910,1993,2016,2012,2004,1989,1970,1964,1957,1939,1926,
13-12-2022   14:29:53,374,0,97,2989,,1914,1891,1905,1904,1897,1891,1882,1859,1815,1753,1664,1554,1549,1692,1977,2317,2654,3193,3863,3396,1580,49,0,1076,1808,1991,2016,2009,2005,1978,1966,1970,1965,1954,1941,
13-12-2022   14:29:53,706,0,104,2593,,1909,1906,1911,1906,1883,1894,1880,1865,1823,1759,1681,1570,1539,1651,1924,2278,2604,3115,3831,3545,1842,191,0,917,1750,1973,2018,2011,2007,1991,1977,1971,1945,1949,1942,
13-12-2022   14:29:55,500,0,109,2139,,1906,1910,1902,1899,1889,1887,1861,1821,1779,1701,1595,1524,1621,1866,2207,2531,2959,3711,3728,2274,474,0,638,1646,1952,2003,2020,2019,1998,1987,1957,1959,1953,1941,1940,
13-12-2022   14:29:55,598,0,115,1507,,1904,1917,1907,1906,1893,1888,1876,1847,1810,1730,1643,1544,1564,1725,2035,2377,2718,3313,3858,3033,1165,0,75,1241,1844,1986,2019,2005,2003,1993,1971,1966,1954,1947,1941,
13-12-2022   14:29:55,257,0,117,3606,,1911,1909,1898,1898,1892,1885,1862,1820,1774,1694,1589,1530,1635,1886,2229,2555,2990,3707,3657,2159,377,0,698,1673,1959,2009,2021,2011,1996,1981,1954,1963,1948,1939,1937,
13-12-2022   14:29:56,168,0,119,2167,,1914,1908,1912,1894,1891,1889,1874,1850,1802,1734,1636,1541,1554,1757,2118,2451,2824,3471,3844,2877,994,0,181,1360,1879,1992,2018,2011,2009,1991,1972,1955,1956,1947,1940,
13-12-2022   14:29:56,233,0,121,3322,,1907,1909,1906,1898,1899,1866,1860,1828,1772,1704,1583,1533,1636,1868,2217,2534,2961,3725,3694,2213,431,0,683,1659,1940,2010,2011,2009,1996,1981,1971,1951,1953,1929,1927,
13-12-2022   14:29:56,265,0,124,1652,,1912,1905,1904,1904,1898,1888,1858,1836,1791,1720,1607,1524,1610,1830,2139,2462,2869,3591,3806,2585,708,0,444,1540,1904,2002,2016,2002,2002,1984,1976,1963,1948,1944,1932,
13-12-2022   14:29:56,278,0,127,512,,1908,1901,1906,1906,1895,1883,1880,1855,1817,1754,1671,1562,1544,1688,1949,2305,2640,3150,3857,3450,1440,10,0,1068,1798,1980,2017,2011,2002,1998,1973,1967,1941,1947,1941,
13-12-2022   14:29:57,342,0,130,1915,,1901,1910,1907,1902,1898,1886,1875,1841,1786,1729,1613,1534,1590,1770,2106,2439,2814,3497,3840,2827,917,0,288,1427,1902,2006,1995,2004,2001,1990,1979,1961,1955,1946,1939,
13-12-2022   14:29:57,410,0,134,1935,,1893,1904,1903,1899,1900,1896,1874,1856,1808,1758,1648,1544,1564,1722,2024,2366,2702,3308,3887,3203,1330,0,41,1225,1841,1996,2021,2018,1991,1979,1976,1967,1953,1948,1938,
13-12-2022   14:29:57,540,0,139,3075,,1904,1907,1904,1909,1901,1886,1866,1853,1812,1756,1655,1551,1551,1696,1993,2314,2664,3229,3863,3353,1517,12,0,1107,1792,1992,2016,2016,2001,1993,1978,1963,1955,1947,1930,
13-12-2022   14:29:58,746,0,147,185,,1907,1904,1907,1907,1892,1885,1874,1837,1767,1703,1603,1533,1596,1826,2153,2486,2877,3612,3793,2573,692,0,444,1548,1927,2002,2025,2000,1992,1984,1962,1965,1959,1951,1939,
13-12-2022   14:29:58,4,0,147,365,,1876,1865,1865,1865,1881,1897,1930,1979,2029,2056,2048,1998,1945,1872,1810,1783,1766,1796,1850,1876,1884,1875,1866,1845,1852,1869,1873,1876,1881,1879,1890,1899,1890,1891,1895,
13-12-2022   14:29:58,370,0,150,2909,,1913,1910,1898,1905,1899,1890,1849,1827,1792,1724,1621,1534,1583,1799,2120,2495,2885,3596,3787,2607,743,0,370,1479,1913,1990,2021,2014,1997,1988,1976,1966,1960,1947,1922,
13-12-2022   14:29:59,4,0,150,3091,,1875,1861,1870,1882,1901,1939,1982,2003,2020,2028,1996,1959,1885,1829,1811,1796,1812,1820,1860,1868,1877,1893,1895,1889,1875,1866,1879,1885,1883,1878,1881,1896,1897,1891,1898,
13-12-2022   14:29:59,307,0,153,3092,,1904,1908,1891,1896,1897,1883,1875,1845,1798,1731,1628,1543,1569,1756,2082,2412,2778,3409,3841,2973,1070,0,176,1341,1907,2005,2015,2014,1995,1989,1954,1953,1955,1949,1943,
13-12-2022   14:29:59,273,0,156,1760,,1904,1909,1905,1898,1899,1885,1877,1844,1804,1758,1659,1555,1552,1700,2001,2335,2666,3220,3840,3353,1515,19,0,1098,1810,1976,2012,2018,2012,1998,1977,1963,1957,1949,1919,
13-12-2022   14:29:59,262,0,158,4065,,1912,1909,1896,1903,1894,1879,1852,1825,1786,1714,1595,1539,1642,1886,2215,2517,2958,3687,3729,2365,557,0,553,1589,1936,2005,2021,2013,1994,1985,1971,1954,1954,1945,1928,
13-12-2022   14:30:00,330,0,162,903,,1909,1910,1899,1900,1900,1885,1843,1807,1763,1673,1560,1553,1669,1963,2298,2607,3145,3838,3481,1713,113,0,989,1774,1959,2005,2015,2008,1984,1977,1963,1959,1948,1942,1928,
13-12-2022   14:30:00,403,0,166,676,,1904,1914,1902,1907,1899,1880,1876,1858,1822,1757,1663,1559,1546,1683,1957,2296,2648,3176,3841,3447,1647,85,0,1002,1778,1977,2014,2020,2000,1995,1980,1963,1956,1942,1948,
13-12-2022   14:30:00,374,0,169,3359,,1904,1911,1899,1904,1899,1892,1879,1844,1790,1740,1643,1541,1553,1729,2033,2358,2715,3331,3870,3188,1297,0,168,1334,1873,1991,2019,2004,1997,1994,1982,1972,1959,1941,1938,
13-12-2022   14:30:02,405,0,173,3197,,1904,1907,1901,1902,1894,1880,1864,1830,1763,1691,1579,1530,1633,1871,2205,2525,2965,3700,3702,2271,475,0,641,1631,1948,2017,2021,2001,1989,1986,1974,1960,1954,1944,1945,
13-12-2022   14:30:02,826,0,181,3497,,1909,1897,1898,1904,1890,1892,1881,1841,1809,1742,1657,1529,1559,1736,2050,2369,2704,3280,3867,3267,1364,0,0,1188,1836,1985,2016,2023,2009,1972,1965,1964,1959,1937,1942,
13-12-2022   14:30:02,457,0,186,1320,,1915,1908,1908,1890,1898,1887,1867,1843,1785,1726,1622,1529,1575,1786,2120,2442,2814,3488,3828,2811,900,0,273,1426,1898,2012,2026,2024,2000,1984,1975,1953,1952,1949,1934,
13-12-2022   14:30:02,4,0,186,1500,,1853,1868,1870,1894,1933,1971,2019,2029,2027,2022,1990,1929,1866,1813,1771,1746,1764,1803,1825,1863,1885,1890,1896,1880,1886,1882,1885,1875,1884,1894,1898,1899,1907,1910,1909,
13-12-2022   14:30:02,299,0,189,1176,,1900,1906,1909,1896,1892,1880,1864,1835,1786,1720,1611,1533,1602,1816,2129,2472,2853,3531,3787,2656,780,0,364,1485,1898,2002,2011,2014,1998,1975,1973,1969,1955,1929,1930,
13-12-2022   14:30:02,94,0,190,846,,1907,1905,1907,1901,1890,1893,1874,1821,1789,1725,1619,1537,1586,1798,2126,2462,2825,3504,3804,2743,840,0,322,1459,1906,1982,2012,2014,2003,1988,1971,1966,1957,1936,1936,
13-12-2022   14:30:03,84,0,191,118,,1909,1904,1905,1905,1898,1889,1873,1840,1811,1737,1652,1548,1560,1728,2025,2368,2710,3293,3857,3197,1318,0,30,1215,1838,1976,2013,2010,2005,1995,1977,1963,1951,1949,1917,
13-12-2022   14:30:03,117,0,192,741,,1903,1910,1906,1896,1893,1869,1858,1820,1762,1682,1567,1545,1668,1939,2271,2613,3099,3799,3523,1817,157,0,917,1738,1967,2017,2015,2010,1995,1971,1965,1957,1934,1936,1929,
13-12-2022   14:30:03,128,0,193,1793,,1903,1905,1899,1899,1894,1884,1871,1838,1797,1721,1622,1534,1582,1778,2100,2423,2804,3473,3834,2862,958,0,249,1414,1894,1994,2021,1997,1988,1985,1976,1967,1950,1943,1940,
13-12-2022   14:30:03,189,0,195,1168,,1911,1901,1901,1891,1898,1880,1832,1804,1755,1652,1551,1555,1718,2021,2353,2703,3286,3861,3240,1354,0,13,1199,1835,1987,2007,2011,1995,1997,1976,1969,1956,1945,1942,1929,
13-12-2022   14:30:03,238,0,197,2521,,1912,1901,1905,1898,1885,1877,1858,1805,1750,1659,1552,1560,1735,2027,2351,2701,3275,3835,3308,1491,19,0,1078,1808,1987,2019,2004,1995,1992,1982,1963,1956,1954,1942,1938,
13-12-2022   14:30:03,210,0,199,2747,,1909,1909,1899,1898,1887,1882,1837,1803,1762,1682,1572,1542,1663,1935,2274,2606,3093,3798,3537,1832,197,0,917,1747,1973,1997,2013,2004,1992,1986,1960,1962,1949,1932,1922,
13-12-2022   14:30:03,228,0,201,3705,,1902,1911,1903,1886,1893,1883,1861,1818,1764,1690,1577,1538,1641,1912,2260,2589,3056,3787,3589,1932,252,0,843,1720,1963,2020,2011,2007,1991,1973,1952,1958,1957,1938,1936,
13-12-2022   14:30:04,237,0,204,926,,1908,1906,1904,1891,1893,1882,1854,1821,1772,1700,1583,1525,1631,1870,2207,2533,3045,3754,3639,2133,415,0,657,1638,1943,2012,2005,2000,1991,1979,1973,1957,1938,1944,1942,
13-12-2022   14:30:04,254,0,206,2914,,1912,1908,1910,1899,1898,1890,1867,1845,1775,1732,1626,1534,1585,1788,2106,2437,2802,3478,3834,2832,928,0,278,1433,1890,2005,2009,2006,2001,1979,1974,1966,1953,1944,1936,
13-12-2022   14:30:04,278,0,209,1756,,1909,1902,1903,1905,1881,1883,1864,1847,1804,1728,1635,1545,1574,1737,2060,2400,2763,3410,3859,2997,1086,0,162,1332,1879,2004,2021,2003,1997,1991,1972,1963,1933,1947,1940,
13-12-2022   14:30:06,581,0,215,425,,1910,1911,1898,1902,1891,1879,1874,1844,1813,1747,1646,1552,1563,1694,1997,2333,2678,3253,3846,3297,1440,0,61,1238,1848,1994,2026,2017,1998,1990,1976,1960,1952,1943,1943,
13-12-2022   14:30:06,392,0,218,3835,,1900,1907,1907,1900,1893,1864,1858,1824,1774,1691,1573,1542,1645,1891,2220,2565,3031,3749,3640,2075,350,0,754,1666,1954,2016,2013,2017,2001,1982,1980,1959,1950,1933,1933,
13-12-2022   14:30:06,615,0,224,3875,,1897,1906,1903,1906,1890,1880,1863,1828,1776,1708,1590,1537,1616,1846,2186,2509,2929,3646,3740,2404,571,0,547,1581,1937,2010,1995,2003,1996,1983,1972,1950,1951,1947,1938,
13-12-2022   14:30:06,4,0,224,4051,,1870,1860,1857,1853,1864,1890,1933,1995,2028,2073,2053,2005,1967,1902,1825,1760,1723,1733,1744,1793,1842,1880,1912,1909,1888,1895,1896,1880,1886,1891,1892,1895,1884,1894,1891,
13-12-2022   14:30:07,263,0,227,2322,,1897,1895,1901,1903,1893,1880,1852,1817,1764,1671,1567,1534,1665,1929,2303,2637,3124,3785,3511,1891,242,0,852,1716,1957,2014,2019,1989,1987,1977,1971,1958,1942,1948,1938,
13-12-2022   14:30:07,293,0,230,1788,,1894,1904,1910,1906,1898,1899,1880,1868,1833,1759,1708,1611,1532,1610,1815,2146,2479,2877,3582,3770,2319,553,0,507,1555,1923,2007,2014,2003,1995,1980,1972,1955,1948,1946,
13-12-2022   14:30:07,616,0,236,1877,,1916,1909,1903,1897,1894,1879,1858,1837,1791,1726,1624,1530,1592,1790,2097,2429,2808,3496,3829,2835,942,0,264,1400,1881,2002,2026,2016,2000,1984,1975,1963,1947,1941,1932,
13-12-2022   14:30:08,334,0,239,2978,,1904,1902,1907,1901,1895,1859,1862,1830,1784,1717,1598,1537,1600,1806,2138,2463,2867,3559,3792,2650,772,0,392,1503,1904,2000,2012,2015,2004,1987,1972,1956,1955,1928,1926,
13-12-2022   14:30:08,312,0,242,3198,,1907,1909,1900,1905,1898,1887,1870,1844,1802,1741,1634,1543,1568,1733,2051,2376,2726,3352,3848,2893,995,0,193,1343,1874,1981,2005,2015,2000,1992,1975,1958,1956,1956,1945,
13-12-2022   14:30:08,292,0,245,2619,,1896,1909,1905,1895,1893,1886,1873,1843,1797,1724,1635,1532,1562,1738,2038,2376,2719,3338,3857,3149,1259,0,58,1253,1843,1994,2024,2019,1989,1979,1975,1968,1958,1947,1933,
13-12-2022   14:30:09,497,0,250,2019,,1908,1886,1895,1899,1887,1888,1866,1824,1789,1721,1613,1518,1585,1803,2125,2456,2848,3545,3818,2712,809,0,345,1478,1911,2001,2020,2013,1997,1965,1964,1963,1950,1939,1935,
13-12-2022   14:30:09,637,0,256,2951,,1907,1907,1898,1905,1898,1868,1871,1852,1816,1756,1655,1552,1556,1688,1981,2306,2655,3215,3823,3401,1600,74,0,1044,1778,1977,2012,2015,1996,1995,1980,1959,1955,1934,1938,
13-12-2022   14:30:09,550,0,262,400,,1910,1909,1900,1883,1892,1885,1880,1853,1812,1760,1663,1558,1557,1673,1962,2292,2636,3247,3838,3386,1609,96,0,963,1769,1981,2018,2019,2000,1992,1986,1946,1957,1940,1943,
13-12-2022   14:30:10,4,0,262,587,,2014,2020,1976,1978,1962,1925,1864,1813,1795,1805,1816,1824,1857,1870,1878,1870,1876,1882,1870,1883,1883,1875,1886,1889,1892,1898,1896,1894,1896,1897,1888,1895,1900,1893,1906,
13-12-2022   14:30:10,330,0,265,1502,,1908,1902,1886,1892,1895,1880,1852,1826,1778,1698,1580,1536,1638,1888,2222,2556,2990,3696,3617,2130,413,0,675,1653,1956,2020,2022,2010,1994,1974,1959,1953,1941,1943,1937,
13-12-2022   14:30:10,186,0,267,762,,1899,1908,1904,1903,1885,1882,1878,1852,1811,1756,1670,1562,1550,1664,1972,2358,2702,3248,3817,3325,1520,53,0,1020,1778,1974,2016,2016,2008,1987,1982,1964,1945,1947,1934,
13-12-2022   14:30:10,88,0,268,214,,1906,1910,1896,1895,1886,1882,1859,1821,1768,1677,1570,1527,1642,1917,2247,2592,3049,3756,3585,1989,257,0,803,1709,1965,2008,2018,2004,1996,1980,1955,1959,1951,1945,1935,
13-12-2022   14:30:10,37,0,268,1705,,1908,1911,1900,1904,1896,1880,1866,1834,1797,1732,1629,1531,1587,1789,2110,2445,2901,3604,3797,2618,764,0,336,1473,1907,1995,2022,2014,1993,1987,1966,1969,1953,1933,1937,
13-12-2022   14:30:10,26,0,268,2753,,1912,1904,1906,1901,1901,1870,1867,1842,1804,1732,1628,1527,1582,1785,2102,2435,2828,3539,3837,2709,806,0,363,1501,1897,2001,2017,2006,1997,1981,1972,1961,1945,1929,1933,
13-12-2022   14:30:10,33,0,269,3,,1907,1901,1902,1901,1898,1884,1852,1836,1797,1710,1595,1520,1618,1851,2184,2509,2934,3699,3728,2280,497,0,803,1693,1942,2006,2020,2007,1998,1981,1973,1959,1938,1931,1935,
13-12-2022   14:30:10,45,0,269,1823,,1915,1910,1900,1892,1885,1881,1866,1838,1801,1727,1618,1539,1585,1768,2099,2428,2809,3496,3829,2758,874,0,282,1437,1903,2006,2020,2016,1992,1987,1976,1946,1950,1934,1940,
13-12-2022   14:30:10,44,0,269,3585,,1910,1910,1909,1897,1883,1864,1858,1816,1766,1680,1561,1541,1666,1952,2278,2623,3136,3828,3470,1699,114,0,993,1779,1967,2009,2015,2009,1990,1978,1962,1961,1948,1926,1929,
13-12-2022   14:30:10,35,0,270,896,,1900,1890,1903,1892,1895,1887,1868,1829,1773,1697,1584,1526,1636,1884,2231,2562,3007,3774,3634,2045,300,0,797,1707,1958,2016,2013,2011,1995,1960,1966,1962,1950,1945,1929,
13-12-2022   14:30:10,29,0,270,2065,,1911,1912,1897,1892,1897,1885,1860,1827,1772,1697,1576,1523,1647,1922,2261,2593,3082,3826,3535,1820,177,0,936,1761,1981,2019,2014,2011,1993,1975,1962,1956,1952,1944,1932,
13-12-2022   14:30:10,22,0,270,2971,,1914,1901,1908,1905,1891,1878,1880,1864,1822,1758,1672,1560,1545,1699,2000,2336,2692,3296,3892,3183,1276,0,66,1286,1849,1989,2015,2008,2003,1983,1966,1964,1961,1936,1938,
13-12-2022   14:30:10,21,0,270,3834,,1909,1901,1905,1906,1902,1892,1871,1851,1816,1758,1660,1549,1560,1721,2035,2416,2787,3505,3866,2897,1008,0,199,1382,1870,1996,2018,2002,2004,1989,1975,1965,1951,1938,1934,
13-12-2022   14:30:10,24,0,271,698,,1909,1908,1887,1897,1901,1886,1880,1859,1821,1758,1662,1545,1550,1713,2020,2400,2766,3445,3875,2979,1050,0,156,1329,1874,1999,2016,2014,2002,1988,1967,1955,1956,1947,1942,
13-12-2022   14:30:11,103,0,272,754,,1909,1906,1899,1905,1899,1883,1858,1820,1759,1680,1572,1535,1651,1929,2270,2592,3104,3819,3517,1821,186,0,923,1803,1980,2011,2017,1995,1978,1978,1973,1960,1952,1940,1933,
13-12-2022   14:30:11,93,0,273,381,,1909,1907,1896,1879,1889,1873,1855,1812,1761,1670,1553,1550,1691,1968,2311,2652,3205,3852,3365,1547,0,30,1185,1818,1990,2025,2014,2002,1988,1981,1968,1933,1939,1937,1936,
13-12-2022   14:30:11,110,0,274,721,,1892,1899,1904,1898,1889,1886,1873,1841,1805,1733,1628,1535,1565,1765,2075,2412,2775,3443,3844,2920,1035,0,205,1383,1881,2003,2018,2006,1985,1982,1971,1965,1956,1945,1939,
13-12-2022   14:30:11,128,0,275,1755,,1904,1913,1906,1896,1891,1889,1874,1857,1807,1753,1658,1546,1560,1690,2001,2380,2717,3335,3875,3217,1386,0,0,1171,1823,1986,2010,2011,2001,1985,1975,1948,1951,1943,1934,
13-12-2022   14:30:11,140,0,276,3262,,1905,1907,1896,1904,1900,1890,1873,1836,1782,1731,1626,1544,1592,1798,2122,2430,2811,3488,3839,2846,938,0,263,1428,1899,1991,2017,2004,1989,1985,1975,1965,1955,1942,1939,
13-12-2022   14:30:11,160,0,278,1470,,1906,1904,1903,1903,1893,1888,1877,1845,1805,1716,1628,1539,1595,1787,2106,2436,2801,3465,3832,2876,967,0,245,1413,1892,1999,2017,1991,1993,1985,1965,1960,1962,1951,1937,
13-12-2022   14:30:12,184,0,280,653,,1904,1888,1902,1899,1897,1883,1870,1846,1788,1732,1623,1526,1587,1795,2125,2453,2840,3561,3813,2685,795,0,371,1496,1915,2007,2007,2012,1998,1969,1969,1953,1955,1951,1928,
13-12-2022   14:30:12,201,0,282,537,,1911,1906,1903,1901,1894,1879,1872,1841,1804,1751,1645,1541,1562,1746,2038,2375,2739,3370,3864,3066,1172,0,122,1293,1859,1986,2021,2014,1998,1983,1969,1967,1953,1928,1940,
13-12-2022   14:30:12,238,0,284,1873,,1908,1906,1905,1895,1890,1888,1871,1823,1779,1712,1604,1540,1604,1830,2155,2493,2881,3623,3770,2481,637,0,504,1569,1930,2000,2010,2001,1995,1982,1969,1962,1956,1945,1935,
13-12-2022   14:30:13,259,0,286,4047,,1906,1911,1899,1900,1900,1886,1871,1824,1798,1732,1628,1540,1578,1769,2084,2409,2759,3452,3844,2905,1003,0,225,1388,1891,2007,2011,2007,1991,1983,1971,1962,1955,1937,1938,
13-12-2022   14:30:13,285,0,289,3191,,1915,1904,1899,1903,1892,1889,1860,1835,1803,1744,1629,1542,1585,1749,2063,2392,2754,3407,3856,3013,1102,0,160,1334,1873,1995,2014,2017,1995,1988,1978,1962,1956,1939,1925,
13-12-2022   14:30:13,325,0,292,3903,,1909,1907,1903,1896,1886,1891,1875,1851,1809,1757,1665,1551,1548,1678,1982,2321,2658,3214,3861,3353,1533,22,0,1091,1801,1984,2012,2018,2006,1985,1979,1969,1945,1944,1934,
13-12-2022   14:30:13,371,0,296,2387,,1906,1901,1910,1892,1886,1889,1874,1845,1797,1729,1634,1544,1550,1763,2078,2417,2777,3440,3855,2934,1031,0,199,1387,1884,1996,2014,2010,2002,1988,1967,1946,1955,1942,1939,
13-12-2022   14:30:15,507,0,301,2187,,1910,1908,1898,1898,1896,1881,1871,1843,1801,1734,1629,1538,1560,1759,2075,2402,2767,3428,3844,2969,1057,0,179,1357,1876,2003,2015,2013,1991,1989,1960,1949,1949,1943,1944,
13-12-2022   14:30:15,470,0,306,535,,1902,1893,1905,1906,1903,1890,1875,1857,1821,1752,1672,1565,1544,1677,1937,2287,2620,3130,3806,3493,1511,33,0,1058,1780,1984,2014,1994,1999,1987,1983,1971,1949,1946,1944,
13-12-2022   14:30:15,568,0,311,2783,,1911,1905,1892,1898,1892,1887,1872,1832,1796,1729,1619,1516,1578,1828,2168,2488,2874,3577,3805,2666,802,0,329,1471,1906,2002,2018,2013,1999,1987,1954,1960,1948,1937,1939,
13-12-2022   14:30:16,479,0,316,1483,,1906,1896,1908,1904,1877,1877,1858,1839,1786,1708,1605,1534,1607,1806,2144,2481,2885,3609,3795,2532,684,0,462,1543,1925,2007,2016,2002,1999,1984,1972,1966,1941,1941,1937,
13-12-2022   14:30:16,724,0,323,1775,,1911,1906,1897,1896,1894,1867,1851,1811,1769,1688,1575,1533,1638,1913,2247,2554,3036,3788,3634,2015,299,0,804,1706,1949,2005,2017,2012,1989,1979,1963,1960,1947,1921,1930,
13-12-2022   14:30:16,396,0,327,1268,,1910,1910,1892,1899,1898,1878,1867,1822,1794,1718,1611,1530,1595,1803,2135,2452,2832,3545,3809,2706,792,0,365,1485,1917,1992,2014,2009,1997,1986,1972,1958,1956,1938,1938,
13-12-2022   14:30:17,360,0,330,3401,,1908,1901,1905,1903,1892,1886,1864,1832,1786,1724,1615,1527,1610,1835,2150,2478,2856,3559,3822,2715,838,0,295,1459,1908,1993,2015,2006,2006,1984,1968,1965,1950,1951,1938,
13-12-2022   14:30:17,297,0,333,2995,,1904,1897,1903,1898,1898,1893,1869,1850,1802,1747,1654,1539,1552,1708,1986,2327,2666,3178,3848,3406,1596,67,0,1064,1790,1986,2020,2001,1998,2000,1985,1965,1947,1945,1942,
13-12-2022   14:30:17,315,0,336,3322,,1903,1906,1909,1886,1890,1882,1871,1842,1796,1733,1622,1534,1560,1750,2081,2413,2779,3428,3850,2990,1069,0,173,1343,1878,2000,2008,2016,2009,1991,1975,1946,1956,1947,1939,
13-12-2022   14:30:17,338,0,340,462,,1914,1912,1902,1903,1901,1883,1867,1850,1821,1761,1669,1567,1542,1666,1940,2253,2596,3096,3799,3559,1862,206,0,892,1719,1964,2014,2022,2001,1994,1989,1962,1959,1942,1934,
13-12-2022   14:30:19,446,0,344,1944,,1909,1905,1905,1898,1880,1879,1853,1811,1761,1677,1565,1540,1666,1931,2277,2611,3108,3803,3537,1826,191,0,903,1746,1968,2012,2016,2007,1996,1983,1960,1943,1938,1938,1935,
13-12-2022   14:30:19,502,0,349,1579,,1910,1910,1897,1900,1890,1879,1855,1804,1775,1696,1566,1536,1653,1916,2243,2561,2993,3722,3679,2163,389,0,705,1668,1955,1988,2011,2008,2000,1987,1962,1959,1951,1939,1938,
13-12-2022   14:30:19,1080,0,359,3846,,1906,1908,1909,1898,1889,1881,1862,1818,1773,1703,1596,1537,1597,1827,2157,2488,2883,3596,3792,2580,682,0,438,1532,1923,2009,2010,1998,1996,1991,1966,1963,1956,1946,1940,
13-12-2022   14:30:20,4,0,359,4021,,1872,1860,1859,1849,1863,1885,1925,1985,2033,2053,2047,2019,1954,1875,1806,1780,1773,1788,1786,1797,1814,1838,1884,1901,1896,1901,1902,1875,1874,1876,1886,1884,1879,1883,1877,
13-12-2022   14:30:20,258,0,362,2054,,1902,1900,1905,1898,1893,1858,1857,1820,1764,1689,1561,1539,1656,1903,2231,2569,3011,3718,3586,2070,357,0,721,1672,1955,2020,2015,2012,2003,1985,1967,1955,1952,1929,1927,
13-12-2022   14:30:20,4,0,362,2240,,1991,1972,1966,1951,1916,1857,1819,1818,1825,1830,1853,1853,1854,1857,1831,1854,1862,1880,1895,1896,1901,1900,1898,1901,1883,1898,1903,1896,1898,1899,1901,1900,1894,1891,1896,
13-12-2022   14:30:20,120,0,363,2952,,1909,1911,1898,1886,1890,1876,1857,1830,1771,1697,1578,1542,1644,1878,2225,2599,3046,3725,3608,2129,403,0,656,1643,1953,2019,2014,2008,1989,1986,1975,1938,1946,1948,1938,
13-12-2022   14:30:20,91,0,364,2509,,1901,1909,1900,1902,1898,1869,1864,1841,1790,1721,1608,1533,1587,1787,2113,2448,2829,3493,3828,2785,877,0,291,1444,1895,2003,2011,2012,1996,1994,1975,1961,1957,1935,1937,
13-12-2022   14:30:20,89,0,365,2012,,1906,1910,1895,1901,1892,1878,1861,1823,1767,1696,1580,1532,1644,1880,2219,2542,2996,3700,3687,2208,421,0,679,1654,1958,2019,2001,2004,1996,1985,1970,1958,1953,1938,1937,
13-12-2022   14:30:20,87,0,366,1412,,1906,1902,1906,1898,1895,1884,1870,1844,1797,1721,1620,1531,1580,1770,2087,2424,2799,3448,3850,2907,989,0,223,1395,1887,2001,2023,1998,1994,1976,1980,1965,1941,1945,1943,
13-12-2022   14:30:20,99,0,367,1279,,1903,1899,1903,1895,1897,1880,1870,1835,1783,1721,1600,1534,1597,1810,2147,2470,2859,3562,3821,2638,757,0,386,1519,1938,2010,2014,2012,2002,1973,1971,1957,1957,1943,1929,
13-12-2022   14:30:20,114,0,368,1780,,1914,1909,1901,1896,1894,1891,1872,1842,1811,1744,1637,1545,1549,1733,2046,2375,2739,3348,3880,3140,1224,0,73,1266,1859,1995,2022,2011,1993,1988,1976,1962,1954,1942,1942,
13-12-2022   14:30:20,135,0,369,3114,,1908,1906,1896,1908,1884,1876,1865,1841,1793,1717,1606,1535,1595,1788,2130,2459,2865,3571,3804,2651,755,0,394,1504,1915,2007,2013,2016,1997,1986,1975,1951,1942,1948,1941,
13-12-2022   14:30:21,195,0,371,2725,,1907,1906,1902,1898,1888,1884,1857,1798,1761,1684,1569,1541,1657,1932,2276,2604,3094,3801,3543,1828,180,0,914,1754,1970,2009,2008,2007,1987,1981,1960,1957,1950,1936,1935,
13-12-2022   14:30:21,217,0,373,3224,,1913,1906,1895,1881,1895,1886,1868,1824,1781,1707,1597,1535,1590,1831,2167,2483,2913,3641,3786,2477,613,0,506,1575,1949,2008,2019,2011,1990,1985,1975,1949,1948,1938,1938,
13-12-2022   14:30:21,278,0,376,2076,,1912,1902,1903,1897,1899,1869,1857,1835,1796,1729,1614,1528,1592,1804,2124,2452,2837,3545,3835,2708,813,0,364,1488,1894,2003,2020,2012,1999,1980,1978,1964,1945,1929,1938,
13-12-2022   14:30:22,259,0,379,176,,1906,1906,1903,1896,1894,1884,1864,1831,1771,1695,1588,1521,1623,1868,2204,2527,3032,3754,3654,2122,405,0,675,1644,1940,2015,2022,2000,1994,1981,1971,1962,1951,1945,1932,
13-12-2022   14:30:22,269,0,381,2755,,1908,1897,1894,1899,1891,1890,1868,1835,1799,1739,1633,1527,1566,1766,2088,2411,2780,3433,3872,2945,1012,0,202,1387,1889,1992,2022,2016,1996,1991,1963,1966,1953,1933,1937,
13-12-2022   14:30:22,281,0,384,1728,,1913,1902,1907,1901,1896,1897,1859,1851,1814,1753,1668,1564,1553,1679,1958,2301,2630,3154,3833,3460,1683,111,0,1001,1781,1980,2015,2009,2003,1990,1977,1968,1948,1947,1923,
13-12-2022   14:30:23,333,0,387,2780,,1902,1896,1908,1897,1898,1897,1877,1850,1808,1758,1640,1548,1554,1694,1996,2329,2662,3225,3867,3361,1503,9,0,1103,1806,1982,2013,2019,2003,1969,1978,1974,1961,1948,1936,
13-12-2022   14:30:23,224,0,389,3566,,1903,1908,1902,1899,1891,1888,1865,1828,1771,1709,1604,1540,1610,1842,2167,2491,2906,3612,3782,2487,620,0,505,1573,1934,2006,2022,2004,1998,1991,1964,1960,1953,1938,1936,
13-12-2022   14:30:23,279,0,392,2452,,1906,1908,1907,1897,1896,1886,1881,1851,1804,1758,1663,1558,1539,1714,2027,2363,2693,3253,3852,3376,1525,0,0,1092,1811,1982,2010,2017,2006,1998,1960,1956,1954,1947,1938,
13-12-2022   14:30:25,433,0,396,3417,,1910,1908,1879,1893,1885,1880,1862,1809,1769,1691,1574,1540,1636,1901,2247,2573,3041,3759,3633,2018,324,0,796,1707,1964,2012,2016,2009,1995,1981,1948,1955,1946,1934,1940,
13-12-2022   14:30:25,558,0,402,1166,,1903,1898,1901,1895,1897,1883,1873,1835,1788,1721,1604,1537,1592,1793,2126,2450,2832,3524,3831,2736,646,0,464,1542,1921,2006,2015,2016,2003,1975,1971,1957,1954,1948,1935,
13-12-2022   14:30:25,739,0,409,2078,,1908,1907,1897,1899,1880,1880,1865,1829,1782,1710,1591,1533,1611,1846,2166,2487,2912,3643,3769,2468,610,0,515,1556,1928,2002,2024,2012,1990,1988,1977,1968,1940,1930,1936,
13-12-2022   14:30:25,309,0,412,2160,,1902,1906,1889,1896,1889,1872,1855,1819,1766,1675,1556,1522,1664,1936,2279,2602,3102,3812,3530,1842,183,0,914,1744,1975,2017,2016,2012,1984,1979,1959,1943,1947,1948,1940,
13-12-2022   14:30:26,276,0,415,912,,1906,1909,1903,1900,1897,1891,1875,1850,1802,1748,1654,1554,1558,1702,1982,2313,2659,3186,3840,3405,1574,65,0,1056,1800,1982,2023,2010,1996,1992,1985,1967,1960,1943,1941,
13-12-2022   14:30:26,262,0,417,3227,,1910,1910,1895,1902,1899,1890,1847,1820,1788,1711,1596,1535,1602,1841,2163,2480,2887,3630,3794,2518,658,0,485,1560,1934,1991,2015,2009,1991,1987,1974,1964,1955,1942,1920,
13-12-2022   14:30:26,280,0,420,2169,,1913,1901,1906,1891,1887,1889,1870,1845,1800,1734,1612,1537,1577,1780,2092,2422,2776,3401,3871,3039,1115,0,131,1330,1875,1998,2022,2011,2003,1991,1971,1957,1949,1945,1942,
13-12-2022   14:30:27,278,0,423,1029,,1912,1905,1902,1900,1893,1883,1866,1819,1777,1709,1588,1527,1613,1852,2178,2501,2909,3653,3767,2438,580,0,536,1667,1952,1994,2017,2010,1986,1987,1976,1962,1958,1939,1938,
13-12-2022   14:30:27,351,0,426,2820,,1902,1913,1898,1896,1894,1887,1873,1842,1792,1739,1635,1527,1568,1747,2072,2407,2760,3403,3851,3034,1091,0,158,1343,1905,2003,2016,2016,2005,1989,1966,1961,1957,1947,1930,
13-12-2022   14:30:27,320,0,429,3336,,1893,1906,1904,1908,1898,1886,1882,1850,1809,1735,1639,1543,1554,1707,2013,2348,2700,3269,3853,3283,1181,0,78,1252,1850,1996,2014,2018,1996,1993,1976,1960,1951,1945,1941,
13-12-2022   14:30:27,111,0,430,3690,,1909,1896,1901,1896,1893,1882,1860,1833,1773,1693,1568,1538,1640,1905,2229,2557,3006,3730,3701,2199,416,0,682,1654,1948,2017,2017,2004,2001,1988,1977,1954,1946,1941,1936,
13-12-2022   14:30:27,132,0,432,781,,1903,1907,1906,1888,1893,1877,1869,1828,1777,1708,1605,1531,1603,1840,2178,2504,2904,3652,3774,2452,607,0,534,1593,1941,2011,2016,2014,2000,1977,1954,1952,1953,1943,1935,
13-12-2022   14:30:27,145,0,433,2500,,1892,1905,1897,1901,1896,1880,1872,1842,1791,1714,1599,1530,1606,1817,2141,2463,2870,3580,3806,2633,736,0,415,1511,1920,2008,2020,2019,1979,1981,1969,1953,1953,1938,1940,
13-12-2022   14:30:27,59,0,434,766,,1914,1890,1899,1899,1899,1889,1866,1839,1794,1725,1609,1529,1590,1795,2118,2439,2825,3533,3850,2772,842,0,336,1469,1911,2002,2026,2013,1995,1973,1971,1965,1955,1943,1937,
13-12-2022   14:30:27,28,0,434,1917,,1914,1910,1905,1905,1899,1875,1877,1849,1815,1760,1652,1559,1552,1706,1999,2326,2677,3265,3906,3283,1388,0,6,1200,1835,1996,2024,2021,2000,1990,1981,1968,1961,1926,1936,
13-12-2022   14:30:27,25,0,434,2943,,1906,1903,1901,1902,1887,1869,1856,1829,1762,1671,1549,1553,1698,2030,2366,2705,3335,3918,3188,1314,0,20,1195,1833,1989,2017,2014,2008,1983,1976,1967,1950,1943,1944,1940,
13-12-2022   14:30:27,30,0,435,70,,1905,1905,1904,1904,1904,1895,1882,1863,1822,1761,1683,1565,1536,1662,1930,2268,2594,3093,3847,3533,1799,153,0,958,1763,1975,2024,2023,1995,1987,1983,1966,1959,1951,1934,
13-12-2022   14:30:27,37,0,435,1552,,1911,1913,1901,1902,1897,1888,1865,1843,1816,1759,1657,1551,1553,1700,2004,2331,2666,3246,3892,3301,1405,0,0,1185,1836,1982,2015,2012,1998,1996,1975,1964,1957,1942,1923,
13-12-2022   14:30:27,31,0,435,2803,,1913,1903,1885,1899,1892,1889,1865,1832,1783,1707,1593,1527,1613,1866,2198,2533,2981,3833,3615,1998,313,0,745,1682,1954,2018,2019,2000,2000,1991,1958,1954,1946,1946,1940,
13-12-2022   14:30:27,24,0,435,3797,,1911,1909,1900,1890,1895,1881,1864,1821,1770,1688,1562,1541,1656,1943,2289,2624,3162,3889,3420,1598,48,0,1117,1798,1993,2018,2016,2004,1984,1977,1965,1944,1946,1934,1938,
13-12-2022   14:30:27,22,0,436,604,,1913,1908,1903,1896,1896,1890,1871,1846,1809,1737,1633,1520,1582,1779,2117,2451,2834,3599,3836,2598,708,0,467,1558,1929,2003,2020,2010,1993,1977,1967,1957,1944,1947,1938,
13-12-2022   14:30:27,26,0,436,1658,,1906,1914,1903,1902,1892,1888,1872,1842,1795,1725,1622,1539,1587,1792,2141,2466,2851,3594,3818,2586,699,0,481,1572,1935,2006,2010,2007,1993,1982,1965,1955,1954,1940,1938,
13-12-2022   14:30:27,103,0,437,1682,,1900,1911,1900,1905,1897,1876,1873,1852,1808,1743,1639,1543,1567,1734,2043,2377,2746,3388,3850,3053,1141,0,150,1313,1869,1992,2017,2013,1989,1990,1978,1958,1953,1943,1941,
13-12-2022   14:30:28,81,0,438,850,,1901,1909,1905,1902,1885,1888,1872,1829,1790,1707,1603,1531,1607,1839,2181,2501,2922,3654,3748,2395,570,0,564,1602,1939,2003,2021,1995,1993,1982,1965,1963,1951,1942,1942,
13-12-2022   14:30:28,111,0,439,1215,,1909,1908,1900,1902,1896,1892,1871,1835,1782,1723,1613,1534,1587,1808,2137,2457,2864,3579,3817,2616,706,0,577,1598,1936,2006,2004,2011,1988,1984,1971,1964,1955,1937,1937,
13-12-2022   14:30:28,118,0,440,1875,,1913,1908,1906,1900,1882,1882,1861,1834,1773,1703,1590,1526,1638,1882,2206,2533,2973,3733,3699,2178,429,0,704,1651,1939,2009,2011,2009,1992,1974,1969,1964,1939,1939,1926,
13-12-2022   14:30:28,79,0,441,975,,1906,1908,1904,1896,1893,1890,1869,1841,1794,1733,1619,1537,1588,1785,2114,2431,2815,3540,3841,2728,847,0,347,1483,1897,2003,2012,2011,2000,1979,1971,1955,1957,1924,1928,
13-12-2022   14:30:28,39,0,441,2554,,1911,1898,1907,1906,1902,1881,1863,1836,1790,1716,1607,1529,1627,1864,2176,2510,2936,3693,3755,2390,593,0,519,1566,1925,2008,2021,2001,1994,1988,1974,1960,1949,1935,1936,
13-12-2022   14:30:28,23,0,441,3493,,1895,1910,1912,1906,1891,1880,1871,1851,1808,1748,1627,1538,1582,1749,2093,2433,2818,3566,3845,2695,803,0,380,1507,1915,2005,2012,2012,1999,1987,1971,1958,1943,1947,1939,
13-12-2022   14:30:28,22,0,442,281,,1908,1908,1885,1896,1894,1890,1867,1833,1789,1712,1590,1537,1619,1881,2225,2554,3031,3844,3595,1916,236,0,898,1751,1973,2008,2013,2005,1986,1981,1948,1957,1949,1938,1937,
13-12-2022   14:30:28,27,0,442,1368,,1911,1902,1894,1901,1897,1886,1860,1826,1774,1687,1572,1526,1656,1942,2275,2619,3154,3887,3450,1644,60,13,1190,1829,1980,2013,2020,1995,1989,1961,1962,1959,1943,1946,1939,
13-12-2022   14:30:28,100,0,443,1274,,1903,1907,1892,1895,1893,1879,1868,1834,1777,1702,1597,1520,1629,1877,2228,2555,3009,3777,3640,1813,196,0,859,1720,1964,2010,2013,2005,1993,1974,1955,1952,1948,1944,1932,
13-12-2022   14:30:28,95,0,444,994,,1912,1902,1907,1903,1897,1880,1855,1808,1757,1676,1567,1542,1685,1967,2296,2643,3179,3854,3390,1593,67,0,1068,1796,1978,2020,2007,1990,1991,1982,1972,1961,1942,1943,1938,
13-12-2022   14:30:29,108,0,445,1245,,1914,1913,1905,1896,1899,1890,1872,1840,1795,1743,1636,1533,1571,1764,2085,2456,2825,3553,3838,2746,900,0,288,1433,1887,1980,2015,2009,2001,1979,1973,1962,1955,1945,1935,
13-12-2022   14:30:29,120,0,446,1984,,1910,1890,1902,1910,1902,1893,1869,1844,1808,1741,1622,1536,1578,1761,2073,2414,2788,3459,3860,2880,1012,0,376,1488,1903,2002,2019,1999,2003,1983,1974,1964,1950,1942,1939,
13-12-2022   14:30:29,144,0,447,3672,,1898,1910,1906,1895,1894,1898,1879,1846,1778,1732,1627,1534,1581,1774,2105,2431,2803,3520,3838,2778,898,0,320,1458,1906,2004,2014,2005,1994,1975,1973,1968,1953,1949,1931,
13-12-2022   14:30:29,149,0,449,1443,,1906,1910,1899,1898,1902,1887,1877,1853,1803,1750,1655,1536,1559,1714,2021,2359,2707,3320,3864,3175,1303,0,52,1237,1849,1988,2016,2014,2009,1992,1968,1954,1958,1952,1942,
13-12-2022   14:30:29,177,0,451,335,,1905,1903,1910,1906,1890,1890,1878,1852,1787,1723,1632,1541,1578,1762,2084,2419,2790,3467,3856,2871,982,0,247,1414,1894,2001,2016,1994,1995,1984,1967,1962,1949,1950,1937,
13-12-2022   14:30:29,202,0,453,243,,1907,1904,1891,1897,1894,1879,1862,1828,1766,1694,1566,1538,1653,1909,2253,2600,3079,3812,3563,1897,249,0,875,1730,1973,2011,2011,2004,1996,1983,1958,1951,1949,1941,1930,
13-12-2022   14:30:29,237,0,455,1552,,1907,1907,1909,1897,1890,1892,1877,1846,1789,1727,1623,1533,1588,1769,2115,2445,2815,3545,3845,2740,861,0,332,1469,1907,2005,2012,2007,1995,1981,1971,1958,1948,1949,1933,
13-12-2022   14:30:30,243,0,457,3101,,1907,1906,1892,1901,1898,1876,1870,1815,1775,1694,1571,1536,1645,1900,2238,2552,3017,3767,3608,2030,344,0,797,1690,1963,1995,2008,2006,1990,1983,1969,1953,1955,1939,1936,
13-12-2022   14:30:30,246,0,460,675,,1903,1907,1903,1896,1903,1880,1874,1842,1802,1746,1650,1545,1570,1742,2049,2394,2747,3409,3863,3010,1117,0,166,1338,1874,2003,2014,2010,1998,1983,1969,1960,1938,1942,1931,
13-12-2022   14:30:30,269,0,462,3254,,1909,1898,1908,1911,1903,1896,1877,1844,1814,1758,1673,1548,1550,1722,2013,2349,2674,3254,3869,3322,1524,56,0,1092,1800,1962,2011,2004,2005,1994,1981,1967,1951,1945,1939,
13-12-2022   14:30:31,367,0,466,1565,,1908,1899,1903,1908,1906,1890,1873,1843,1812,1748,1657,1540,1563,1722,2013,2356,2699,3303,3877,3202,1342,0,39,1223,1834,1973,2009,2001,2004,1991,1979,1966,1952,1947,1941,
13-12-2022   14:30:31,457,0,470,3495,,1914,1905,1904,1898,1898,1891,1864,1829,1800,1729,1623,1526,1593,1795,2112,2451,2814,3533,3831,2732,855,0,338,1473,1903,1991,2015,2007,2002,1981,1974,1959,1946,1952,1927,
13-12-2022   14:30:31,577,0,476,2028,,1903,1906,1899,1902,1900,1891,1883,1846,1821,1761,1652,1554,1550,1700,1982,2348,2691,3266,3874,3344,1553,66,0,1063,1801,1983,2018,2014,1988,1986,1979,1964,1960,1947,1942,
13-12-2022   14:30:33,577,0,482,548,,1907,1902,1907,1903,1879,1880,1864,1849,1802,1731,1630,1536,1582,1765,2065,2405,2774,3435,3867,2961,1054,0,197,1360,1881,1998,2022,2010,1998,1987,1976,1963,1931,1944,1944,
13-12-2022   14:30:33,469,0,486,2938,,1889,1906,1905,1900,1888,1879,1859,1812,1764,1674,1555,1549,1677,1964,2315,2635,3140,3802,3445,1699,120,0,978,1780,1978,2011,2016,2009,1979,1970,1961,1956,1949,1937,1937,
13-12-2022   14:30:33,4,0,486,3116,,1867,1866,1861,1851,1859,1883,1909,1955,1984,2051,2076,2057,2006,1930,1868,1790,1734,1746,1789,1840,1857,1846,1844,1861,1870,1874,1870,1869,1872,1861,1869,1872,1882,1888,1882,
13-12-2022   14:30:33,250,0,489,857,,1908,1905,1906,1893,1896,1892,1859,1832,1778,1714,1600,1539,1625,1852,2195,2511,2913,3628,3596,2105,412,0,629,1621,1929,2008,2013,2012,1999,1972,1974,1968,1959,1923,1925,
13-12-2022   14:30:33,128,0,490,1886,,1907,1905,1910,1909,1892,1891,1877,1851,1800,1741,1652,1554,1560,1749,2057,2395,2734,3282,3836,3207,1348,0,11,1196,1837,1983,2000,2009,2007,1991,1973,1966,1959,1947,1940,
13-12-2022   14:30:33,79,0,491,975,,1912,1908,1900,1904,1890,1883,1866,1818,1781,1701,1594,1542,1636,1894,2234,2556,2983,3709,3664,2143,396,0,710,1684,1953,1990,2010,2009,1994,1981,1962,1967,1954,1935,1918,
13-12-2022   14:30:33,117,0,492,1585,,1912,1908,1909,1909,1901,1895,1870,1852,1797,1740,1657,1549,1560,1717,2010,2353,2706,3245,3848,3246,1414,0,0,1169,1820,1993,2015,2002,2002,1994,1979,1967,1946,1944,1942,
13-12-2022   14:30:33,137,0,493,2997,,1911,1897,1907,1903,1896,1891,1859,1850,1815,1746,1667,1562,1559,1708,2036,2358,2719,3292,3849,3228,1417,0,0,1117,1789,1981,2015,2013,2007,1992,1984,1969,1950,1954,1934,
13-12-2022   14:30:33,133,0,495,163,,1911,1911,1901,1894,1902,1886,1870,1823,1778,1716,1601,1526,1612,1835,2177,2505,2959,3692,3705,2269,521,0,576,1602,1925,2011,2006,2009,2000,1979,1971,1959,1949,1945,1935,
13-12-2022   14:30:33,65,0,495,2789,,1903,1897,1902,1903,1889,1889,1861,1838,1791,1700,1599,1541,1611,1835,2157,2498,2907,3612,3750,2440,645,0,513,1577,1935,2012,2017,1989,1995,1982,1972,1959,1944,1946,1941,
13-12-2022   14:30:34,37,0,496,188,,1896,1909,1904,1904,1899,1878,1874,1846,1792,1725,1624,1547,1591,1779,2113,2495,2883,3578,3798,2664,838,0,340,1478,1914,2006,2016,2012,1989,1977,1974,1958,1953,1943,1928,
13-12-2022   14:30:34,29,0,496,1381,,1908,1907,1898,1901,1896,1877,1855,1832,1788,1703,1584,1538,1636,1876,2216,2524,2982,3764,3653,2096,380,0,937,1743,1955,2011,2015,2005,1988,1980,1967,1945,1950,1946,1935,
13-12-2022   14:30:34,30,0,496,2603,,1898,1908,1909,1903,1896,1893,1880,1865,1823,1742,1675,1567,1537,1678,1956,2298,2632,3155,3874,3414,1623,40,0,1073,1804,1976,2016,2012,1996,1985,1971,1963,1959,1949,1943,
13-12-2022   14:30:34,25,0,496,3641,,1903,1907,1888,1894,1899,1881,1872,1840,1780,1714,1599,1534,1626,1865,2210,2538,2986,3777,3655,2068,347,0,796,1714,1965,2012,2006,2007,1991,1977,1950,1952,1951,1938,1927,
13-12-2022   14:30:34,26,0,497,622,,1914,1906,1909,1890,1892,1893,1884,1858,1814,1748,1652,1551,1548,1738,2049,2394,2753,3410,3884,2983,1062,0,204,1394,1893,1998,2017,2005,1999,1990,1966,1955,1956,1949,1941,
13-12-2022   14:30:34,27,0,497,1730,,1905,1894,1904,1901,1900,1891,1874,1847,1795,1730,1603,1531,1592,1801,2140,2468,2868,3729,3715,2285,507,0,608,1621,1942,2010,2010,2006,1997,1968,1970,1956,1955,1947,1933,
13-12-2022   14:30:34,85,0,498,1063,,1913,1904,1905,1900,1890,1891,1865,1850,1821,1753,1658,1550,1564,1706,2021,2357,2705,3329,3861,3138,1295,0,69,1241,1842,1997,2017,2010,2001,1982,1980,1965,1935,1944,1947,
13-12-2022   14:30:34,90,0,499,573,,1913,1902,1904,1903,1892,1889,1844,1823,1768,1684,1574,1541,1670,1944,2276,2599,3126,3817,3472,1723,158,0,1128,1815,1976,2010,2014,2003,1994,1983,1972,1960,1946,1943,1923,
13-12-2022   14:30:34,101,0,500,519,,1908,1906,1904,1890,1880,1882,1856,1812,1761,1675,1559,1552,1676,1978,2318,2663,3230,3850,3329,1289,0,32,1171,1821,1981,2008,2008,2002,1991,1983,1958,1949,1942,1932,1935,
13-12-2022   14:30:34,116,0,501,1077,,1908,1901,1891,1898,1894,1890,1868,1838,1787,1705,1602,1522,1615,1856,2183,2516,2939,3696,3715,2289,532,0,616,1634,1946,2012,2014,2002,1997,1986,1959,1955,1943,1944,1936,
13-12-2022   14:30:34,134,0,502,2375,,1910,1885,1898,1902,1905,1890,1869,1843,1799,1732,1614,1528,1600,1823,2145,2469,2860,3572,3815,2671,841,0,324,1464,1900,2002,2018,2004,2003,1974,1970,1965,1948,1947,1936,
13-12-2022   14:30:34,142,0,503,3991,,1911,1904,1897,1897,1893,1871,1855,1805,1759,1674,1552,1549,1687,1979,2311,2649,3208,3841,3345,1309,0,33,1195,1820,1987,2021,2001,1995,1979,1977,1968,1948,1950,1941,1939,
13-12-2022   14:30:34,171,0,505,2646,,1908,1903,1909,1899,1886,1886,1862,1832,1770,1693,1579,1542,1668,1938,2263,2597,3085,3760,3574,1967,330,0,793,1700,1964,2011,1996,1996,1991,1983,1962,1958,1947,1945,1936,
13-12-2022   14:30:35,169,0,507,1238,,1908,1904,1905,1903,1898,1882,1869,1857,1814,1748,1654,1559,1561,1718,1995,2347,2701,3292,3859,3196,1315,0,35,1207,1838,1987,2016,2011,1996,1989,1978,1971,1951,1938,1942,
13-12-2022   14:30:35,206,0,509,1297,,1914,1904,1896,1897,1872,1876,1858,1812,1762,1668,1562,1553,1693,1999,2322,2662,3241,3861,3145,1309,0,16,1171,1807,1981,2013,2015,2006,1979,1983,1967,1962,1930,1928,1933,
13-12-2022   14:30:35,220,0,511,1930,,1905,1908,1909,1897,1899,1873,1875,1849,1802,1747,1645,1546,1575,1743,2049,2389,2748,3404,3852,3007,1115,0,173,1345,1868,1994,2012,2015,1998,1982,1980,1962,1957,1936,1924,
13-12-2022   14:30:35,259,0,514,10,,1911,1903,1902,1902,1883,1883,1866,1812,1763,1668,1565,1549,1678,1966,2301,2641,3169,3816,3408,1651,102,0,1035,1829,1991,2004,2009,1995,1990,1978,1960,1958,1955,1946,1917,
13-12-2022   14:30:36,241,0,516,1471,,1901,1913,1907,1891,1896,1891,1875,1840,1779,1723,1604,1538,1621,1832,2171,2493,2890,3588,3797,2578,773,0,404,1515,1918,2009,2008,2008,1996,1979,1975,1969,1956,1947,1934,
13-12-2022   14:30:36,236,0,518,2727,,1908,1910,1904,1904,1895,1878,1875,1845,1815,1754,1661,1553,1549,1706,1985,2333,2679,3254,3861,3275,1426,0,0,1166,1815,1976,2011,2015,2003,1986,1966,1967,1957,1929,1934,
13-12-2022   14:30:36,213,0,520,3055,,1910,1911,1905,1882,1888,1878,1849,1823,1763,1676,1560,1546,1664,1967,2306,2648,3172,3845,3408,1622,88,0,1039,1785,1971,2016,2015,2005,1993,1972,1970,1948,1937,1940,1936,
13-12-2022   14:30:37,198,0,522,2808,,1910,1901,1905,1884,1887,1876,1848,1819,1761,1669,1559,1537,1691,1970,2307,2660,3310,3863,3256,1438,32,0,1069,1801,1972,2015,2017,1998,1990,1971,1973,1945,1941,1937,1937,
13-12-2022   14:30:37,181,0,524,1883,,1915,1903,1906,1899,1896,1890,1864,1839,1798,1735,1630,1535,1579,1770,2090,2427,2784,3487,3861,2857,974,0,259,1422,1891,1983,2011,2006,2002,1977,1970,1963,1946,1944,1944,
13-12-2022   14:30:37,192,0,526,1399,,1904,1901,1908,1902,1889,1884,1871,1827,1777,1681,1575,1536,1641,1904,2229,2576,3043,3758,3608,2013,327,0,797,1704,1967,2011,2018,1986,1993,1976,1964,1961,1951,1945,1937,
13-12-2022   14:30:38,221,0,528,2055,,1899,1908,1906,1901,1898,1887,1876,1843,1775,1729,1627,1541,1585,1771,2104,2436,2812,3477,3831,2808,941,0,289,1441,1903,1999,2009,2004,1998,1984,1978,1959,1955,1945,1931,
13-12-2022   14:30:38,239,0,530,3437,,1899,1910,1898,1895,1899,1884,1873,1837,1786,1718,1607,1524,1612,1828,2164,2493,2894,3634,3771,2182,443,0,636,1634,1947,2007,2007,2012,2001,1974,1964,1958,1957,1947,1932,
13-12-2022   14:30:38,420,0,534,3877,,1908,1907,1897,1904,1896,1884,1865,1821,1786,1713,1591,1535,1616,1856,2190,2511,2932,3666,3722,2337,549,0,611,1608,1941,1991,2011,2006,1991,1982,1972,1957,1949,1937,1939,
13-12-2022   14:30:38,387,0,538,3001,,1907,1901,1905,1900,1900,1872,1857,1824,1779,1692,1577,1535,1656,1916,2226,2579,3062,3792,3596,1948,301,0,845,1727,1951,2012,2015,2001,1997,1976,1976,1959,1943,1934,1939,
13-12-2022   14:30:39,509,0,543,2914,,1901,1897,1903,1904,1897,1888,1870,1851,1804,1714,1632,1551,1583,1770,2122,2449,2824,3489,3827,2897,1022,0,214,1385,1891,2001,2018,2007,1990,1986,1973,1965,1947,1950,1944,
13-12-2022   14:30:39,343,0,547,265,,1905,1905,1905,1900,1893,1881,1876,1846,1790,1735,1629,1544,1584,1761,2095,2431,2800,3476,3838,2856,976,0,244,1414,1901,2001,2015,2010,2004,1986,1978,1958,1948,1945,1927,
13-12-2022   14:30:39,416,0,551,551,,1889,1901,1901,1902,1900,1876,1868,1835,1768,1672,1573,1541,1641,1879,2222,2551,3006,3735,3664,2136,417,0,711,1671,1956,2012,2012,2007,1987,1980,1974,1956,1955,1945,1927,
13-12-2022   14:30:41,331,0,554,1519,,1907,1909,1904,1912,1899,1885,1868,1852,1806,1757,1672,1565,1552,1690,1988,2304,2652,3209,3843,3388,1581,50,0,1078,1805,1974,2012,2018,2009,1988,1981,1963,1958,1949,1925,
13-12-2022   14:30:41,553,0,559,3175,,1908,1899,1903,1893,1895,1870,1850,1827,1772,1692,1574,1535,1642,1897,2225,2561,3023,3814,3530,1844,231,0,853,1715,1944,2006,2014,2004,1995,1976,1977,1956,1946,1928,1936,
13-12-2022   14:30:41,597,0,565,2511,,1912,1899,1895,1900,1900,1890,1874,1832,1801,1733,1621,1529,1580,1776,2089,2414,2789,3457,3855,2922,1010,0,216,1389,1920,2004,2020,2017,1996,1974,1978,1959,1956,1945,1938,
13-12-2022   14:30:41,577,0,571,1049,,1910,1902,1906,1906,1902,1893,1871,1848,1802,1749,1655,1545,1552,1722,2003,2349,2691,3263,3846,3269,1428,2,0,1181,1816,1988,2005,2002,2006,1986,1982,1968,1957,1947,1943,
13-12-2022   14:30:41,4,0,571,1225,,1877,1866,1855,1839,1835,1853,1885,1937,1994,2068,2125,2133,2075,1958,1816,1704,1670,1669,1728,1789,1835,1867,1872,1885,1886,1868,1866,1857,1861,1871,1872,1882,1882,1885,1888,
13-12-2022   14:30:41,321,0,574,1809,,1911,1908,1912,1900,1894,1891,1866,1856,1811,1753,1656,1548,1569,1707,2012,2348,2688,3266,3829,3246,1418,0,138,1303,1856,1999,2029,2016,2006,1984,1982,1942,1948,1948,1938,
13-12-2022   14:30:42,166,0,576,281,,1914,1902,1901,1897,1894,1879,1851,1820,1770,1687,1556,1536,1668,1945,2280,2615,3104,3805,3529,1788,203,0,922,1754,1964,2016,2022,2009,1997,1967,1962,1960,1945,1939,1937,
13-12-2022   14:30:42,115,0,577,798,,1915,1906,1906,1900,1898,1882,1850,1822,1774,1699,1570,1535,1648,1903,2249,2554,3025,3753,3625,2046,338,0,781,1688,1959,2004,2020,2007,1993,1980,1970,1954,1946,1943,1928,
13-12-2022   14:30:42,149,0,578,2690,,1899,1906,1904,1891,1890,1889,1863,1825,1770,1682,1578,1532,1639,1883,2232,2556,3005,3744,3653,2107,370,0,747,1679,1954,2018,2018,1995,1992,1979,1969,1970,1955,1941,1934,
13-12-2022   14:30:42,194,0,580,2263,,1913,1900,1908,1892,1879,1882,1866,1823,1766,1678,1574,1548,1652,1931,2263,2609,3103,3788,3544,1845,211,0,890,1744,1971,2018,2016,2001,1993,1982,1959,1948,1941,1941,1938,
13-12-2022   14:30:43,367,0,584,590,,1910,1898,1905,1902,1886,1889,1863,1840,1806,1731,1632,1543,1573,1762,2072,2393,2772,3424,3853,2969,1044,0,196,1372,1886,1988,2015,2004,2003,1988,1964,1963,1954,1954,1928,
13-12-2022   14:30:43,423,0,588,1131,,1901,1907,1908,1895,1895,1883,1867,1837,1783,1704,1604,1521,1601,1829,2148,2476,2867,3594,3804,2595,730,0,428,1529,1914,2004,2031,2016,1990,1976,1974,1964,1951,1945,1937,
13-12-2022   14:30:43,487,0,593,163,,1893,1900,1908,1896,1893,1877,1842,1810,1762,1651,1546,1550,1707,2000,2336,2690,3234,3869,3319,1448,0,0,1134,1822,1977,2017,2016,2008,1982,1969,1964,1956,1944,1940,1939,
13-12-2022   14:30:45,634,0,599,963,,1907,1906,1902,1904,1897,1890,1866,1825,1763,1705,1589,1535,1616,1852,2187,2505,2932,3668,3752,2396,572,0,555,1594,1937,2009,2020,2000,1985,1984,1979,1962,1950,1937,1936,
13-12-2022   14:30:45,445,0,603,2379,,1908,1911,1902,1894,1892,1874,1846,1819,1761,1674,1568,1538,1671,1953,2272,2617,3123,3811,3512,1776,179,0,939,1741,1964,2014,2014,2016,1992,1975,1966,1962,1935,1935,1931,
13-12-2022   14:30:45,350,0,607,7,,1910,1905,1904,1896,1893,1881,1857,1824,1775,1686,1572,1531,1635,1902,2232,2610,3113,3807,3576,1917,265,0,798,1701,1955,2016,2017,2001,1995,1988,1972,1952,1945,1943,1941,
13-12-2022   14:30:46,364,0,610,2289,,1901,1903,1898,1906,1905,1891,1875,1843,1808,1736,1647,1550,1557,1717,2016,2339,2695,3277,3828,3257,1406,0,0,1150,1831,1988,2027,2017,1988,1992,1984,1971,1952,1943,1941,
13-12-2022   14:30:46,235,0,612,3506,,1909,1894,1902,1901,1891,1888,1864,1844,1799,1720,1608,1534,1590,1793,2114,2448,2823,3491,3829,2783,893,0,288,1443,1908,2010,2019,2007,2005,1980,1971,1964,1950,1945,1940,
13-12-2022   14:30:46,83,0,613,2745,,1903,1887,1894,1905,1899,1886,1876,1855,1812,1752,1653,1547,1554,1708,2007,2345,2694,3255,3854,3296,1446,0,58,1219,1838,1991,2013,2017,2002,1982,1974,1960,1959,1952,1944,
13-12-2022   14:30:46,42,0,614,342,,1905,1896,1900,1905,1896,1883,1854,1810,1765,1684,1572,1541,1654,1920,2247,2592,3049,3789,3592,1934,247,0,862,1731,1962,2014,2007,1990,1995,1984,1975,1957,1944,1945,1935,
13-12-2022   14:30:46,112,0,615,729,,1894,1907,1910,1909,1896,1881,1877,1841,1798,1725,1630,1544,1572,1744,2057,2397,2754,3382,3836,3048,1161,0,131,1314,1872,1997,2011,2016,2002,1987,1978,1963,1956,1948,1934,
13-12-2022   14:30:46,54,0,615,2894,,1909,1907,1893,1897,1894,1886,1859,1808,1763,1681,1563,1537,1656,1940,2284,2603,3102,3824,3515,1787,156,0,951,1756,1975,1994,2015,2006,1982,1979,1974,1962,1951,1931,1919,
13-12-2022   14:30:46,29,0,615,4087,,1893,1908,1904,1898,1895,1888,1866,1831,1778,1687,1584,1533,1618,1877,2226,2551,3000,3756,3677,2086,349,0,762,1698,1960,2004,2013,2013,1985,1976,1963,1961,1950,1943,1934,
13-12-2022   14:30:46,25,0,616,1002,,1900,1900,1906,1907,1887,1890,1876,1845,1791,1698,1603,1527,1602,1836,2160,2497,2912,3673,3744,2354,525,0,609,1627,1943,2011,2018,2002,1988,1985,1963,1958,1954,1949,1938,
13-12-2022   14:30:46,21,0,616,1861,,1908,1909,1898,1907,1885,1878,1876,1862,1819,1753,1648,1554,1565,1709,2038,2371,2744,3414,3856,2789,916,0,256,1396,1891,1997,2016,2007,1992,1988,1975,1952,1945,1945,1938,
13-12-2022   14:30:46,90,0,617,1392,,1904,1908,1896,1905,1893,1873,1853,1807,1761,1670,1555,1550,1697,1976,2329,2664,3210,3851,3349,1530,40,0,1109,1801,1985,1999,2000,2009,1990,1983,1965,1948,1949,1945,1941,
13-12-2022   14:30:46,97,0,618,1191,,1911,1896,1893,1898,1892,1873,1858,1818,1773,1689,1542,1539,1658,1936,2272,2601,3210,3846,3395,1624,82,0,991,1759,1976,2020,2021,2007,1986,1976,1964,1953,1950,1941,1939,
13-12-2022   14:30:46,112,0,619,1576,,1913,1905,1891,1893,1899,1890,1867,1845,1816,1751,1645,1523,1557,1730,2040,2425,2784,3445,3852,2956,1101,0,137,1311,1860,1994,2018,2016,2005,1986,1963,1963,1943,1947,1944,
13-12-2022   14:30:46,119,0,620,2253,,1896,1900,1904,1896,1898,1889,1860,1836,1793,1721,1594,1529,1604,1829,2157,2488,2891,3630,3777,2458,654,0,507,1576,1928,2008,2018,2006,1985,1972,1976,1964,1945,1945,1947,
13-12-2022   14:30:47,135,0,621,3567,,1901,1911,1906,1895,1901,1888,1880,1835,1798,1744,1647,1542,1580,1748,2073,2410,2747,3423,3856,2965,1070,0,191,1369,1882,2001,2004,2011,2001,1987,1974,1960,1956,1944,1934,
13-12-2022   14:30:47,151,0,623,1423,,1893,1899,1903,1906,1901,1879,1848,1820,1763,1652,1554,1543,1695,1976,2303,2652,3209,3854,3391,1558,53,0,1069,1799,1980,2014,2016,1995,1985,1983,1968,1958,1945,1939,1936,
13-12-2022   14:30:47,141,0,624,2974,,1900,1906,1916,1903,1897,1882,1861,1835,1798,1740,1622,1541,1584,1768,2098,2413,2801,3572,3808,2707,866,0,280,1416,1899,1992,2005,2011,2005,1984,1975,1959,1955,1947,1927,
13-12-2022   14:30:47,56,0,625,1133,,1907,1907,1905,1895,1894,1878,1863,1806,1748,1673,1566,1554,1684,1961,2306,2645,3180,3846,3407,1609,72,0,1056,1802,1990,2018,1993,1997,1988,1977,1967,1951,1950,1942,1929,
13-12-2022   14:30:47,29,0,625,2324,,1911,1905,1900,1904,1876,1885,1869,1829,1787,1715,1594,1546,1649,1901,2247,2580,3057,3803,3616,2009,313,0,788,1690,1962,2009,2019,2003,1991,1980,1966,1964,1937,1934,1938,
13-12-2022   14:30:47,23,0,625,3255,,1910,1894,1906,1909,1897,1887,1867,1842,1796,1727,1596,1521,1614,1852,2172,2510,2954,3755,3722,2192,428,0,711,1677,1944,2013,2020,1997,1973,1978,1976,1961,1944,1940,1936,
13-12-2022   14:30:47,21,0,626,17,,1901,1906,1908,1897,1895,1870,1860,1823,1762,1682,1557,1543,1693,1992,2332,2669,3273,3921,3221,1317,0,59,1400,1892,1987,2014,2007,2002,1990,1967,1960,1960,1949,1926,1924,
13-12-2022   14:30:47,21,0,626,889,,1911,1902,1911,1900,1893,1892,1869,1834,1789,1706,1594,1537,1632,1897,2232,2564,3057,3847,3562,1854,206,0,940,1768,1961,2008,2013,2001,1996,1979,1958,1958,1949,1925,1930,
13-12-2022   14:30:47,100,0,627,822,,1907,1907,1901,1906,1902,1888,1881,1832,1806,1748,1655,1552,1561,1726,2032,2359,2724,3333,3861,3131,1235,0,95,1272,1861,1993,2003,2007,1996,1988,1981,1960,1953,1944,1944,
13-12-2022   14:30:47,83,0,628,60,,1912,1906,1903,1902,1889,1868,1856,1820,1780,1700,1577,1538,1644,1915,2248,2575,3075,3787,3568,1897,250,0,878,1739,1957,2004,2017,2004,1993,1978,1962,1960,1956,1921,1930,
13-12-2022   14:30:47,34,0,628,1436,,1902,1911,1908,1894,1892,1883,1873,1838,1783,1719,1607,1538,1632,1858,2205,2531,2966,3713,3712,2292,543,0,586,1612,1942,2009,2009,2008,1995,1976,1972,1941,1945,1940,1932,
13-12-2022   14:30:47,22,0,628,2354,,1913,1906,1900,1905,1899,1873,1868,1838,1806,1742,1628,1534,1584,1826,2157,2463,2886,3678,3802,2499,671,0,472,1560,1922,2002,2018,2008,1994,1978,1976,1962,1949,1927,1934,
13-12-2022   14:30:47,21,0,628,3210,,1910,1902,1906,1902,1886,1884,1861,1830,1776,1698,1576,1533,1660,1924,2270,2620,3168,3895,3387,1564,51,0,1116,1811,1976,2017,2015,1991,1987,1976,1970,1959,1932,1940,1938,
13-12-2022   14:30:47,20,0,628,4029,,1904,1912,1907,1886,1901,1894,1880,1849,1801,1738,1626,1543,1589,1807,2151,2484,2887,3718,3641,2096,407,0,696,1659,1945,2010,2008,2009,1995,1970,1954,1958,1952,1949,1938,
13-12-2022   14:30:47,24,0,629,906,,1910,1904,1908,1907,1890,1879,1867,1835,1795,1717,1601,1537,1617,1858,2193,2525,2984,3782,3653,2080,364,0,802,1713,1957,2004,2014,2011,1992,1982,1961,1961,1956,1929,1934,
13-12-2022   14:30:47,25,0,629,1931,,1907,1913,1893,1887,1893,1898,1881,1844,1793,1725,1611,1515,1604,1837,2187,2510,2935,3741,3725,2213,257,0,818,1711,1962,2011,2006,2006,1996,1975,1959,1961,1956,1951,1933,
13-12-2022   14:30:47,23,0,629,2875,,1914,1907,1902,1904,1900,1876,1872,1847,1808,1742,1629,1541,1586,1784,2112,2430,2831,3607,3825,2572,735,0,478,1582,1923,2006,2022,2011,1991,1981,1967,1959,1956,1923,1933,
13-12-2022   14:30:47,24,0,629,3860,,1912,1906,1900,1900,1899,1876,1869,1846,1815,1745,1642,1539,1594,1806,2141,2456,2861,3631,3811,2570,748,0,437,1535,1914,1997,2013,2011,1989,1982,1969,1965,1953,1926,1936,
13-12-2022   14:30:47,24,0,630,734,,1908,1888,1898,1909,1899,1894,1869,1842,1803,1723,1598,1526,1607,1830,2169,2497,2934,3734,3715,2237,466,0,690,1666,1944,2009,2015,1997,1991,1974,1967,1960,1947,1946,1940,
13-12-2022   14:30:47,26,0,630,1783,,1911,1899,1901,1903,1893,1890,1876,1841,1807,1741,1619,1536,1581,1797,2131,2456,2861,3638,3802,2486,669,0,518,1586,1933,2002,2016,2011,1995,1977,1964,1962,1958,1938,1939,
13-12-2022   14:30:47,28,0,630,2921,,1911,1906,1905,1902,1879,1883,1871,1830,1793,1715,1596,1536,1622,1861,2220,2600,3098,3839,3546,1908,279,0,856,1715,1963,2007,2018,2005,1989,1979,1960,1963,1944,1933,1938,
13-12-2022   14:30:47,24,0,630,3901,,1907,1900,1905,1900,1890,1877,1851,1818,1745,1648,1546,1570,1742,2070,2394,2769,3485,3850,2828,943,0,306,1448,1906,2006,2016,1995,1983,1983,1973,1958,1954,1943,1941,1934,
13-12-2022   14:30:47,22,0,631,696,,1911,1902,1908,1900,1892,1885,1869,1813,1772,1691,1573,1545,1674,1964,2294,2650,3234,3887,3271,1445,0,11,1194,1840,2000,2017,1999,1988,1988,1981,1958,1954,1957,1940,1938,
13-12-2022   14:30:47,22,0,631,1598,,1906,1895,1905,1904,1898,1869,1847,1812,1754,1649,1543,1567,1757,2092,2394,2791,3566,3853,2686,827,0,403,1520,1922,1990,2012,2010,1989,1982,1978,1964,1952,1940,1926,1932,
13-12-2022   14:30:47,24,0,631,2577,,1912,1887,1897,1900,1894,1885,1858,1826,1760,1659,1550,1559,1723,2048,2381,2744,3441,3884,2920,1052,0,248,1521,1918,2000,2014,2013,1989,1990,1959,1953,1953,1948,1948,1940,
13-12-2022   14:30:47,102,0,632,2587,,1890,1905,1905,1899,1903,1895,1872,1853,1812,1751,1635,1532,1580,1762,2082,2415,2788,3483,3844,2791,958,0,286,1437,1890,1999,2015,2007,1985,1974,1974,1969,1946,1945,1944,
13-12-2022   14:30:47,83,0,633,1824,,1912,1903,1904,1903,1874,1879,1857,1827,1769,1675,1561,1547,1688,1955,2297,2656,3220,3842,3313,1519,53,0,1114,1800,1991,2013,2013,1992,1994,1978,1959,1956,1928,1939,1935,
13-12-2022   14:30:48,113,0,634,2266,,1911,1913,1901,1893,1890,1881,1880,1851,1806,1744,1634,1544,1558,1760,2081,2412,2799,3482,3817,2819,960,0,277,1418,1896,2000,2013,2008,1992,1983,1976,1946,1949,1943,1942,
13-12-2022   14:30:48,132,0,635,3469,,1910,1887,1899,1903,1900,1891,1868,1850,1814,1745,1646,1543,1574,1760,2071,2401,2771,3443,3845,2886,1031,0,226,1384,1881,1999,2014,2001,1996,1974,1973,1958,1950,1949,1936,
13-12-2022   14:30:48,142,0,637,978,,1911,1908,1908,1898,1901,1879,1864,1839,1782,1717,1605,1530,1613,1855,2172,2507,2946,3689,3705,2270,530,0,640,1608,1933,2005,2015,2007,1990,1974,1972,1959,1949,1932,1926,
13-12-2022   14:30:48,153,0,638,3004,,1900,1906,1910,1903,1894,1881,1866,1836,1771,1695,1575,1535,1641,1887,2237,2581,3052,3759,3577,1969,316,0,827,1700,1966,2011,1994,1994,1997,1979,1966,1949,1950,1941,1934,
13-12-2022   14:30:48,159,0,640,1176,,1909,1907,1906,1908,1881,1885,1872,1839,1796,1729,1628,1546,1590,1781,2128,2457,2860,3564,3795,2606,790,0,397,1504,1910,1996,2018,2011,1996,1985,1967,1961,1946,1936,1937,
13-12-2022   14:30:48,169,0,641,3872,,1910,1917,1907,1905,1893,1879,1869,1839,1809,1737,1638,1542,1575,1764,2075,2416,2797,3476,3839,2823,958,0,276,1422,1886,1989,2015,2013,1999,1981,1966,1963,1951,1930,1938,
13-12-2022   14:30:49,186,0,643,3144,,1901,1906,1918,1909,1899,1878,1874,1832,1792,1723,1608,1539,1604,1808,2154,2488,2897,3612,3757,2485,682,0,499,1552,1946,2003,1997,2005,1996,1981,1969,1957,1953,1945,1934,
13-12-2022   14:30:49,213,0,645,3504,,1914,1917,1909,1903,1876,1891,1879,1853,1820,1753,1672,1567,1545,1695,1988,2322,2668,3227,3860,3307,1488,36,0,1114,1807,1979,2014,2016,2004,1990,1971,1962,1943,1941,1939,
13-12-2022   14:30:49,245,0,648,1052,,1903,1909,1911,1902,1900,1889,1880,1856,1798,1749,1656,1552,1571,1727,2039,2372,2727,3349,3852,3089,1220,0,107,1283,1865,1990,1995,2003,1997,1985,1973,1954,1952,1946,1929,
13-12-2022   14:30:51,339,0,651,2332,,1902,1910,1894,1894,1897,1886,1877,1849,1791,1735,1633,1538,1583,1776,2104,2430,2809,3497,3823,2786,933,0,304,1441,1901,2000,2009,2007,1995,1981,1958,1948,1952,1947,1928,
13-12-2022   14:30:51,390,0,655,1561,,1902,1894,1903,1896,1894,1879,1868,1838,1783,1713,1602,1537,1618,1850,2186,2511,3026,3754,3642,2129,424,0,674,1652,1943,2005,2009,2007,1999,1967,1965,1951,1952,1946,1934,
13-12-2022   14:30:51,411,0,659,1619,,1898,1908,1906,1898,1900,1887,1860,1827,1770,1682,1575,1537,1649,1905,2287,2623,3119,3809,3523,1845,251,0,846,1709,1955,2011,2007,2006,1982,1970,1965,1962,1950,1939,1930,
13-12-2022   14:30:51,403,0,663,1389,,1902,1907,1899,1897,1889,1867,1853,1819,1743,1650,1540,1564,1721,2020,2358,2703,3310,3855,3170,1315,0,178,1327,1858,1995,2017,1991,1993,1979,1974,1966,1944,1950,1944,1935,
13-12-2022   14:30:52,484,0,668,274,,1904,1907,1903,1904,1891,1882,1875,1850,1811,1747,1642,1548,1560,1714,2036,2370,2775,3428,3842,3035,1195,0,69,1256,1853,1992,2008,2009,1996,1991,1975,1957,1944,1947,1941,
13-12-2022   14:30:52,578,0,673,2916,,1912,1895,1891,1897,1900,1894,1876,1845,1806,1748,1639,1538,1564,1735,2090,2396,2764,3409,3866,3095,1202,0,101,1267,1858,1992,2019,2015,1993,1972,1973,1962,1957,1936,1939,
13-12-2022   14:30:52,4,0,673,3106,,2005,2012,2008,2003,1957,1917,1843,1804,1802,1798,1806,1819,1834,1857,1870,1855,1877,1872,1886,1887,1871,1874,1877,1881,1884,1872,1883,1887,1887,1885,1883,1895,1893,1884,1883,
13-12-2022   14:30:53,404,0,677,2885,,1906,1909,1895,1900,1896,1876,1864,1824,1781,1697,1576,1530,1639,1904,2240,2570,3032,3755,3600,2004,330,0,956,1753,1978,2017,2009,2005,1996,1982,1957,1950,1952,1937,1931,
13-12-2022   14:30:53,322,0,680,3482,,1913,1907,1885,1896,1892,1880,1871,1834,1799,1720,1609,1515,1597,1805,2134,2459,2857,3652,3741,2429,630,0,473,1537,1921,2004,2018,2013,1990,1986,1960,1952,1955,1939,1940,
13-12-2022   14:30:53,336,0,684,560,,1910,1907,1900,1904,1901,1888,1862,1843,1814,1754,1659,1554,1551,1702,1990,2301,2667,3226,3861,3330,1497,17,0,1115,1817,1971,2012,2011,1994,1987,1978,1968,1954,1946,1930,
13-12-2022   14:30:55,394,0,687,4045,,1910,1910,1907,1883,1892,1889,1868,1841,1783,1723,1619,1528,1570,1784,2115,2448,2821,3525,3831,2732,868,0,330,1569,1925,2005,2009,2010,2004,1983,1972,1951,1950,1941,1930,
13-12-2022   14:30:55,399,0,691,3657,,1909,1907,1898,1890,1893,1889,1877,1839,1800,1739,1637,1540,1550,1745,2061,2388,2748,3398,3864,3034,1143,0,137,1322,1873,1992,2018,2009,1988,1987,1980,1958,1952,1941,1938,
13-12-2022   14:30:55,662,0,698,1470,,1905,1900,1907,1900,1897,1887,1864,1841,1772,1713,1616,1537,1593,1796,2117,2451,2844,3538,3817,2696,848,0,357,1571,1922,2012,2018,1989,1991,1981,1968,1966,1946,1944,1938,
13-12-2022   14:30:55,675,0,704,3896,,1907,1905,1883,1895,1893,1873,1856,1821,1767,1678,1563,1524,1669,1938,2284,2610,3127,3822,3490,1771,158,0,1105,1795,1982,2021,2015,2000,1989,1975,1956,1950,1946,1937,1934,
13-12-2022   14:30:55,4,0,704,4080,,1865,1872,1882,1896,1909,1937,1965,1995,2023,2056,2003,1927,1850,1813,1841,1849,1847,1829,1808,1814,1834,1841,1865,1874,1886,1890,1896,1898,1900,1896,1895,1889,1887,1895,1891,
13-12-2022   14:30:55,314,0,708,257,,1907,1903,1902,1899,1888,1878,1853,1811,1766,1684,1565,1542,1667,1934,2269,2587,3084,3787,3534,1843,193,0,902,1760,1963,2006,2013,2009,1993,1974,1959,1956,1951,1935,1924,
13-12-2022   14:30:55,266,0,710,2728,,1908,1906,1901,1899,1881,1880,1865,1820,1773,1700,1585,1535,1626,1858,2247,2567,3027,3738,3625,2111,394,0,666,1628,1950,2011,2020,2006,1990,1981,1975,1959,1939,1931,1931,
13-12-2022   14:30:56,268,0,713,1165,,1900,1906,1908,1905,1892,1882,1872,1818,1774,1713,1597,1535,1613,1832,2173,2503,2908,3619,3749,2461,640,0,501,1564,1931,2006,1997,2005,1995,1986,1972,1952,1953,1943,1932,
13-12-2022   14:30:56,293,0,716,623,,1909,1902,1905,1893,1894,1880,1852,1817,1779,1699,1589,1527,1629,1874,2206,2544,2959,3703,3685,2205,447,0,675,1717,1955,1994,2011,2006,1995,1973,1966,1956,1940,1944,1933,
13-12-2022   14:30:56,326,0,719,1378,,1905,1899,1903,1901,1883,1884,1866,1836,1782,1706,1601,1532,1610,1824,2155,2491,2897,3577,3769,2515,668,0,600,1607,1937,2005,2001,1998,1997,1983,1961,1955,1954,1944,1939,
13-12-2022   14:30:58,397,0,723,906,,1908,1909,1910,1898,1885,1880,1872,1837,1787,1710,1605,1535,1597,1808,2150,2483,2888,3583,3792,2568,699,0,431,1529,1919,1995,2021,2012,2005,1983,1959,1940,1947,1941,1939,
13-12-2022   14:30:58,677,0,729,3419,,1912,1906,1895,1897,1889,1869,1859,1823,1781,1704,1587,1532,1614,1849,2163,2491,2916,3638,3763,2435,600,0,680,1622,1938,2004,2020,2010,1989,1978,1969,1958,1952,1930,1934,
13-12-2022   14:30:58,597,0,735,2746,,1897,1906,1901,1888,1894,1894,1874,1834,1776,1716,1610,1528,1594,1800,2132,2463,2847,3525,3807,2672,788,0,375,1491,1907,2003,2014,2003,1995,1972,1971,1964,1953,1943,1934,
13-12-2022   14:30:59,4,0,735,2924,,1873,1868,1869,1860,1869,1898,1936,1954,2015,2029,2027,1990,1944,1899,1840,1781,1747,1789,1847,1871,1877,1872,1861,1878,1883,1884,1876,1886,1882,1885,1870,1884,1886,1886,1888,
13-12-2022   14:30:59,463,0,740,990,,1906,1916,1910,1894,1885,1885,1875,1839,1803,1735,1645,1546,1548,1729,2039,2376,2727,3324,3859,3159,1262,0,49,1241,1851,1987,2017,2021,2003,1986,1967,1950,1955,1942,1938,
13-12-2022   14:30:59,345,0,743,2540,,1901,1903,1902,1903,1892,1888,1880,1851,1811,1729,1657,1552,1541,1695,1981,2325,2663,3203,3849,3371,1552,53,0,1077,1798,1977,2018,2015,1993,1985,1973,1965,1955,1946,1938,
13-12-2022   14:30:59,309,0,746,2650,,1894,1907,1904,1902,1895,1885,1879,1857,1812,1751,1672,1566,1546,1659,1932,2270,2617,3104,3776,3534,1837,199,0,909,1745,1968,2008,2017,1996,1991,1977,1961,1957,1948,1935,
13-12-2022   14:31:00,278,0,749,1520,,1909,1904,1900,1894,1881,1879,1865,1823,1779,1716,1609,1533,1584,1823,2159,2481,2890,3595,3799,2536,683,0,470,1554,1929,2001,2013,2007,1997,1985,1964,1954,1949,1938,1937,
13-12-2022   14:31:00,338,0,752,2776,,1902,1904,1900,1905,1895,1863,1864,1846,1801,1736,1622,1538,1569,1750,2069,2385,2763,3514,3829,2815,939,0,237,1382,1871,1992,2013,2013,1993,1986,1971,1952,1956,1936,1937,
13-12-2022   14:31:00,415,0,756,2992,,1904,1908,1906,1895,1895,1884,1877,1827,1793,1744,1657,1551,1553,1702,2011,2344,2686,3365,3865,3122,1247,0,45,1223,1837,1989,1994,2011,2007,1987,1976,1958,1957,1947,1931,
13-12-2022   14:31:01,456,0,761,784,,1906,1912,1905,1884,1883,1881,1864,1831,1782,1702,1600,1538,1586,1835,2178,2503,2920,3638,3767,2401,597,0,525,1584,1935,2009,2015,2003,1994,1981,1966,1947,1943,1939,1933,
13-12-2022   14:31:01,883,0,769,3372,,1903,1901,1893,1897,1888,1872,1852,1808,1763,1657,1549,1541,1687,1965,2298,2629,3155,3820,3442,1702,111,0,987,1763,1974,2022,2020,1997,1979,1976,1965,1953,1947,1932,1938,
13-12-2022   14:31:01,4,0,769,3546,,1880,1867,1835,1850,1861,1869,1905,1962,2034,2077,2070,2028,1982,1912,1830,1768,1750,1744,1738,1771,1827,1873,1901,1907,1907,1904,1896,1898,1884,1886,1869,1874,1883,1891,1891,
13-12-2022   14:31:02,299,0,772,3253,,1906,1885,1900,1904,1895,1877,1852,1824,1772,1696,1571,1523,1630,1873,2203,2528,2964,3665,3672,2235,444,0,784,1699,1964,2026,2022,1998,1990,1974,1969,1953,1939,1944,1931,
13-12-2022   14:31:02,129,0,774,225,,1906,1909,1899,1899,1881,1881,1872,1839,1804,1740,1627,1545,1573,1732,2055,2391,2753,3348,3812,2882,1013,0,152,1319,1861,2002,2022,2012,1995,1985,1977,1963,1941,1934,1941,
13-12-2022   14:31:02,103,0,775,272,,1908,1908,1888,1888,1893,1877,1854,1818,1755,1680,1567,1514,1658,1933,2277,2613,3085,3778,3523,1848,206,0,894,1732,1958,2014,2021,2005,1992,1974,1956,1956,1947,1938,1930,
13-12-2022   14:31:02,120,0,776,995,,1908,1900,1903,1887,1889,1887,1861,1836,1795,1716,1613,1529,1580,1794,2121,2501,2897,3577,3803,2659,822,0,332,1477,1903,2003,2016,2004,2001,1987,1974,1952,1939,1944,1937,
13-12-2022   14:31:03,132,0,777,2215,,1892,1892,1906,1893,1896,1882,1862,1836,1799,1705,1616,1530,1585,1784,2106,2439,2811,3485,3845,2547,733,0,365,1470,1897,2000,2022,2011,1981,1974,1974,1965,1942,1941,1942,
13-12-2022   14:31:03,199,0,779,1997,,1905,1886,1895,1886,1893,1880,1861,1819,1766,1687,1570,1529,1653,1917,2266,2599,3071,3787,3572,1885,217,0,874,1732,1962,2019,2011,2009,1995,1956,1962,1957,1955,1944,1932,
13-12-2022   14:31:03,247,0,781,3690,,1906,1905,1869,1891,1891,1878,1857,1812,1762,1677,1561,1541,1656,1951,2292,2617,3149,3833,3476,1721,114,0,978,1764,1975,2008,2018,2006,1980,1981,1951,1954,1945,1932,1933,
13-12-2022   14:31:04,366,0,785,1946,,1900,1896,1908,1901,1893,1873,1865,1830,1777,1694,1585,1533,1618,1853,2195,2528,2964,3697,3703,2286,480,0,629,1622,1947,2009,2012,1994,1992,1983,1969,1948,1948,1932,1926,
13-12-2022   14:31:04,1298,0,798,621,,1903,1911,1904,1903,1887,1886,1870,1830,1767,1705,1614,1540,1585,1794,2125,2452,2835,3517,3810,2755,857,0,310,1462,1899,1994,2018,2009,1994,1986,1965,1965,1951,1939,1936,
13-12-2022   14:31:04,4,0,798,795,,1868,1864,1836,1842,1837,1856,1882,1915,2000,2076,2116,2082,2026,1968,1890,1805,1716,1668,1682,1743,1813,1866,1897,1902,1910,1904,1907,1890,1873,1862,1851,1868,1872,1873,1877,
13-12-2022   14:31:05,285,0,800,4041,,1900,1898,1904,1901,1889,1879,1850,1829,1775,1675,1578,1532,1638,1879,2208,2545,2988,3676,3643,2189,442,0,643,1641,1948,2019,2018,1983,1987,1981,1967,1958,1946,1941,1933,
13-12-2022   14:31:05,120,0,802,666,,1908,1897,1901,1905,1895,1885,1852,1839,1797,1732,1637,1534,1572,1745,2054,2377,2759,3371,3843,3053,1150,0,117,1300,1857,1988,2017,2002,2003,1991,1975,1963,1948,1945,1929,
13-12-2022   14:31:05,112,0,803,1069,,1899,1899,1895,1892,1890,1878,1859,1809,1766,1671,1563,1537,1650,1927,2261,2598,3077,3792,3544,1895,226,0,869,1722,1969,2009,2015,1987,1980,1978,1977,1953,1945,1932,1932,
13-12-2022   14:31:06,201,0,805,947,,1899,1897,1892,1896,1891,1873,1862,1836,1787,1705,1575,1527,1608,1841,2171,2494,2926,3639,3740,2404,597,0,535,1580,1933,2005,2017,2009,1970,1980,1969,1950,1952,1943,1937,
13-12-2022   14:31:06,239,0,807,2332,,1893,1904,1895,1902,1896,1881,1870,1842,1801,1737,1629,1526,1563,1734,2052,2388,2752,3370,3845,3072,1157,0,113,1408,1892,1997,2009,2009,1995,1966,1965,1956,1949,1945,1936,
13-12-2022   14:31:06,255,0,810,259,,1909,1901,1890,1891,1885,1884,1867,1842,1796,1723,1620,1534,1567,1769,2084,2419,2791,3448,3854,2903,992,0,217,1395,1891,1999,2017,2001,2001,1988,1951,1952,1946,1949,1937,
13-12-2022   14:31:06,267,0,812,2755,,1912,1895,1892,1901,1892,1886,1868,1826,1791,1720,1586,1520,1596,1811,2135,2454,2857,3556,3796,2658,779,0,379,1489,1913,2008,2017,2011,1992,1974,1970,1960,1956,1933,1936,
13-12-2022   14:31:08,1951,0,831,3004,,1906,1909,1904,1897,1879,1880,1872,1843,1799,1728,1631,1537,1562,1730,2057,2388,2746,3366,3840,3099,1183,0,76,1276,1855,1982,2020,2018,2006,1989,1970,1964,1946,1940,1940,
13-12-2022   14:31:08,210,0,833,3227,,1907,1895,1890,1905,1893,1890,1873,1836,1806,1737,1626,1539,1564,1739,2045,2372,2729,3311,3797,3102,1256,0,37,1201,1843,1992,2024,2018,1972,1986,1974,1967,1950,1932,1936,
13-12-2022   14:31:08,99,0,834,3092,,1908,1907,1904,1896,1886,1885,1867,1842,1796,1750,1645,1532,1562,1712,2024,2356,2705,3267,3817,3233,1378,0,0,1148,1814,1988,2021,2014,2005,1979,1973,1947,1948,1944,1933,
13-12-2022   14:31:08,86,0,835,2450,,1892,1898,1892,1896,1897,1877,1858,1818,1782,1701,1566,1532,1630,1872,2201,2525,2966,3759,3612,2032,347,0,709,1649,1946,2011,2022,2012,1977,1979,1970,1957,1949,1931,1931,
13-12-2022   14:31:08,97,0,836,2245,,1910,1905,1902,1889,1888,1867,1844,1821,1764,1689,1566,1537,1644,1910,2245,2573,3039,3744,3604,1990,313,0,793,1692,1940,2007,2017,2008,1994,1972,1964,1957,1942,1924,1928,
13-12-2022   14:31:08,119,0,837,2914,,1914,1905,1906,1896,1898,1869,1861,1845,1793,1739,1633,1530,1564,1744,2049,2370,2726,3350,3850,3119,1210,0,88,1271,1835,1990,2019,2016,2000,1982,1973,1965,1954,1934,1927,
13-12-2022   14:31:09,206,0,839,3000,,1904,1905,1902,1897,1891,1879,1859,1828,1772,1700,1587,1522,1627,1853,2193,2515,2946,3667,3711,2338,538,0,586,1606,1930,2007,2020,1995,1992,1975,1970,1961,1949,1940,1929,
13-12-2022   14:31:09,249,0,842,677,,1899,1910,1911,1906,1892,1880,1858,1835,1772,1710,1591,1531,1601,1819,2154,2498,2896,3599,3766,2539,677,0,449,1536,1930,2008,1991,2008,2003,1986,1973,1953,1952,1941,1932,
13-12-2022   14:31:09,241,0,844,2148,,1893,1902,1901,1906,1896,1883,1869,1843,1801,1726,1623,1540,1566,1736,2052,2374,2792,3445,3824,3016,1138,0,102,1290,1861,1994,2011,2013,1989,1987,1976,1961,1952,1950,1937,
13-12-2022   14:31:09,250,0,846,3956,,1899,1905,1902,1885,1888,1878,1868,1834,1780,1715,1606,1539,1581,1792,2131,2462,2937,3646,3747,2480,660,0,439,1521,1914,2008,2011,2007,1994,1982,1975,1944,1948,1944,1929,
13-12-2022   14:31:10,272,0,849,2566,,1903,1898,1897,1896,1887,1884,1846,1834,1792,1718,1620,1538,1590,1797,2113,2452,2826,3519,3814,2737,828,0,333,1463,1908,1994,2011,2000,1998,1988,1964,1962,1945,1943,1918,
13-12-2022   14:31:10,329,0,852,3473,,1890,1898,1906,1895,1887,1873,1858,1821,1757,1665,1559,1535,1658,1930,2272,2603,3088,3797,3529,1839,199,0,895,1744,1969,2012,2010,1988,1986,1971,1965,1951,1947,1943,1928,
13-12-2022   14:31:10,404,0,856,3258,,1910,1907,1883,1898,1896,1884,1868,1833,1798,1737,1622,1526,1573,1746,2060,2387,2747,3384,3848,3077,1122,0,114,1295,1865,1996,2020,2013,1996,1988,1966,1957,1953,1941,1935,
13-12-2022   14:31:12,697,0,863,2492,,1903,1896,1899,1889,1884,1880,1846,1820,1766,1672,1560,1535,1651,1925,2264,2602,3104,3775,3543,1857,216,0,872,1731,1963,2015,2012,2000,1992,1980,1963,1948,1940,1942,1930,
13-12-2022   14:31:12,382,0,867,1389,,1894,1907,1902,1899,1890,1874,1858,1821,1767,1685,1578,1538,1635,1861,2204,2534,2969,3701,3684,2240,471,0,641,1638,1950,2011,2008,1994,1988,1977,1965,1951,1949,1939,1927,
13-12-2022   14:31:12,281,0,870,366,,1902,1893,1899,1898,1893,1868,1855,1829,1779,1709,1597,1521,1605,1826,2132,2477,2893,3607,3783,2534,677,0,465,1524,1929,2004,2018,2003,1997,1982,1972,1960,1942,1932,1933,
13-12-2022   14:31:12,252,0,872,2291,,1901,1908,1907,1900,1876,1880,1867,1837,1791,1711,1611,1529,1578,1778,2112,2445,2825,3513,3824,2780,880,0,280,1442,1902,1994,2023,1999,1996,1985,1965,1960,1945,1941,1927,
13-12-2022   14:31:12,81,0,873,1463,,1908,1908,1891,1897,1894,1880,1847,1812,1767,1693,1564,1528,1647,1894,2232,2548,3005,3753,3657,2083,334,0,745,1675,1953,2008,2017,2005,1986,1979,1968,1953,1948,1938,1921,
13-12-2022   14:31:12,60,0,873,3867,,1907,1906,1911,1888,1888,1885,1873,1845,1801,1733,1640,1543,1539,1733,2046,2386,2732,3354,3864,3108,1196,0,83,1293,1863,1989,2016,2013,2001,1983,1969,1955,1949,1943,1940,
13-12-2022   14:31:12,30,0,874,979,,1905,1906,1904,1878,1882,1881,1860,1822,1771,1689,1574,1538,1639,1893,2243,2578,3054,3793,3592,1923,233,0,855,1730,1964,2008,2011,2009,1994,1976,1962,1937,1943,1931,1931,
13-12-2022   14:31:12,28,0,874,2111,,1900,1905,1900,1898,1895,1862,1859,1830,1776,1700,1579,1533,1638,1887,2215,2605,3112,3836,3553,1890,247,0,847,1719,1952,2010,2012,2007,1985,1981,1968,1954,1950,1934,1932,
13-12-2022   14:31:12,25,0,874,3140,,1900,1901,1893,1900,1894,1872,1863,1819,1766,1689,1563,1535,1655,1934,2276,2604,3113,3853,3459,1685,90,0,1030,1782,1980,2016,2015,1999,1979,1980,1967,1942,1946,1945,1934,
13-12-2022   14:31:12,27,0,875,139,,1909,1901,1902,1901,1889,1890,1870,1853,1803,1747,1659,1532,1557,1734,2037,2362,2714,3314,3893,3179,1267,0,70,1270,1865,1994,1997,1999,1997,1986,1975,1960,1949,1945,1934,
13-12-2022   14:31:12,82,0,875,3453,,1898,1910,1899,1899,1890,1881,1862,1823,1778,1706,1592,1533,1605,1834,2184,2505,2920,3757,3650,2128,415,0,679,1639,1944,2015,2004,2006,1992,1981,1970,1955,1949,1944,1938,
13-12-2022   14:31:12,92,0,876,3064,,1898,1905,1903,1875,1888,1891,1869,1835,1782,1716,1615,1527,1576,1790,2134,2468,2851,3588,3811,2613,722,0,416,1526,1919,2005,2005,2008,1999,1973,1968,1943,1951,1943,1927,
13-12-2022   14:31:12,54,0,877,1155,,1904,1899,1906,1903,1891,1889,1872,1854,1795,1737,1657,1555,1548,1692,1987,2329,2669,3224,3857,3291,1451,0,0,1147,1824,1991,2015,1999,1999,1985,1973,1963,1946,1948,1937,
13-12-2022   14:31:13,29,0,877,2317,,1915,1905,1903,1895,1892,1888,1875,1836,1802,1749,1648,1540,1560,1738,2038,2369,2720,3364,3877,3075,1121,0,131,1323,1862,1992,2008,2011,1996,1980,1973,1962,1953,1942,1930,
13-12-2022   14:31:13,22,0,877,3210,,1907,1899,1903,1902,1891,1883,1851,1824,1781,1692,1581,1531,1632,1900,2233,2580,3062,3818,3547,1842,197,0,936,1762,1974,2001,2006,1999,1989,1976,1956,1957,1947,1943,1919,
13-12-2022   14:31:13,21,0,877,4077,,1910,1908,1901,1903,1884,1880,1880,1849,1817,1752,1649,1546,1564,1720,2040,2374,2747,3434,3877,2947,982,0,224,1392,1889,2000,2015,2011,1991,1983,1972,1963,1941,1932,1935,
13-12-2022   14:31:13,21,0,878,844,,1902,1908,1899,1897,1887,1871,1852,1808,1769,1676,1554,1550,1699,2016,2338,2692,3344,3883,2868,983,0,230,1403,1882,1992,2009,2009,1998,1980,1975,1953,1950,1953,1919,1930,
13-12-2022   14:31:13,93,0,879,475,,1907,1905,1903,1892,1896,1874,1866,1847,1796,1732,1624,1522,1594,1814,2128,2459,2839,3557,3816,2722,871,0,312,1441,1891,1997,2016,2012,1999,1978,1971,1961,1943,1936,1932,
13-12-2022   14:31:13,98,0,880,310,,1883,1891,1901,1892,1893,1880,1850,1816,1766,1682,1552,1527,1669,1949,2283,2628,3152,3824,3443,1653,111,0,1009,1770,1968,2011,2012,1995,1971,1964,1965,1954,1942,1939,1939,
13-12-2022   14:31:13,112,0,881,732,,1904,1901,1905,1896,1884,1884,1868,1822,1786,1716,1613,1534,1592,1809,2131,2469,2867,3572,3782,2586,733,0,431,1523,1922,2005,2001,1991,1994,1983,1961,1955,1948,1948,1937,
13-12-2022   14:31:13,59,0,881,3104,,1903,1900,1904,1901,1885,1886,1855,1832,1793,1716,1611,1526,1594,1807,2140,2452,2861,3598,3795,2525,697,0,451,1544,1927,1989,2010,2003,1997,1980,1969,1954,1953,1940,1927,
13-12-2022   14:31:13,34,0,882,379,,1908,1910,1879,1892,1890,1877,1864,1830,1785,1704,1586,1511,1620,1862,2206,2526,2995,3751,3657,2121,210,0,841,1705,1960,2007,2010,2004,1984,1981,1955,1943,1945,1942,1938,
13-12-2022   14:31:13,23,0,882,1300,,1907,1886,1893,1892,1889,1881,1845,1821,1764,1669,1545,1540,1688,1982,2320,2669,3269,3895,3245,1102,0,122,1307,1863,1989,2016,2007,1996,1985,1966,1961,1949,1946,1937,1934,
13-12-2022   14:31:13,20,0,882,2116,,1910,1901,1895,1907,1898,1894,1869,1850,1806,1742,1647,1519,1567,1750,2078,2418,2804,3547,3852,2705,797,0,383,1513,1914,1999,2009,2002,1993,1965,1964,1960,1944,1942,1936,
13-12-2022   14:31:13,19,0,882,2887,,1904,1903,1893,1894,1886,1882,1860,1809,1757,1659,1547,1553,1718,2043,2377,2752,3460,3863,2884,980,0,270,1434,1900,2002,2008,2004,1991,1985,1973,1944,1953,1942,1937,1927,
13-12-2022   14:31:13,24,0,882,3879,,1910,1909,1895,1901,1878,1878,1870,1836,1800,1727,1596,1536,1614,1843,2171,2500,2936,3738,3695,2207,433,0,694,1647,1945,2012,2014,2009,1985,1977,1967,1953,1934,1932,1934,
13-12-2022   14:31:13,30,0,883,983,,1896,1906,1897,1896,1893,1880,1870,1839,1791,1729,1610,1520,1587,1800,2143,2480,2882,3649,3771,2452,620,0,527,1585,1934,1999,2004,2004,2000,1979,1958,1948,1950,1943,1936,
13-12-2022   14:31:13,27,0,883,2102,,1906,1905,1902,1899,1898,1872,1859,1851,1817,1753,1648,1538,1571,1735,2049,2377,2745,3440,3868,2917,1021,0,231,1398,1872,1993,2010,2006,1999,1975,1970,1963,1943,1927,1934,
13-12-2022   14:31:13,24,0,883,3091,,1896,1901,1897,1900,1890,1884,1869,1823,1785,1697,1589,1526,1638,1910,2248,2575,3048,3808,3585,1951,248,0,855,1733,1965,2003,2009,2001,1981,1974,1959,1958,1948,1936,1933,
13-12-2022   14:31:13,23,0,883,4011,,1907,1901,1903,1895,1888,1888,1872,1823,1783,1709,1599,1529,1644,1910,2235,2575,3041,3809,3563,1921,273,0,826,1718,1961,2001,2001,1994,1993,1974,1956,1953,1950,1941,1930,
13-12-2022   14:31:13,22,0,884,825,,1907,1899,1904,1893,1896,1886,1855,1838,1801,1733,1618,1529,1595,1819,2147,2471,2903,3709,3724,2283,509,0,829,1709,1952,2002,2011,2001,1988,1972,1967,1956,1945,1940,1930,
13-12-2022   14:31:13,21,0,884,1693,,1909,1886,1895,1894,1897,1889,1866,1840,1798,1731,1605,1516,1613,1851,2190,2520,2967,3777,3644,2062,345,0,793,1703,1952,2009,2014,2002,1989,1957,1962,1953,1940,1941,1926,
13-12-2022   14:31:13,23,0,884,2628,,1907,1896,1903,1908,1897,1877,1856,1837,1791,1707,1588,1528,1632,1885,2205,2558,3057,3829,3552,1619,102,0,992,1749,1959,2009,2011,1992,1989,1984,1966,1958,1937,1932,1936,
13-12-2022   14:31:13,22,0,884,3543,,1896,1906,1902,1893,1890,1888,1867,1838,1763,1708,1596,1533,1629,1886,2228,2562,3043,3824,3540,1866,246,0,917,1749,1974,2011,2002,1988,1985,1968,1967,1959,1944,1941,1926,
13-12-2022   14:31:13,24,0,885,438,,1904,1910,1890,1895,1899,1889,1870,1837,1799,1729,1615,1519,1590,1824,2158,2476,2909,3712,3730,2311,507,0,637,1632,1946,1997,2014,2004,1983,1964,1962,1963,1949,1936,1933,
13-12-2022   14:31:13,109,0,886,722,,1906,1907,1908,1901,1877,1876,1874,1851,1806,1744,1645,1551,1563,1733,2068,2410,2759,3413,3843,3017,1129,0,159,1314,1871,1991,2005,2007,2001,1984,1975,1958,1938,1940,1934,
13-12-2022   14:31:14,94,0,887,389,,1908,1900,1891,1895,1892,1888,1846,1810,1760,1675,1550,1565,1722,2031,2367,2684,3320,3862,3192,1363,0,3,1157,1819,1987,1996,2003,1996,1979,1970,1962,1958,1946,1935,1918,
13-12-2022   14:31:14,127,0,888,1391,,1910,1903,1903,1896,1889,1881,1850,1828,1780,1690,1584,1542,1639,1898,2232,2556,3048,3776,3568,1936,286,0,841,1719,1965,1996,2010,2000,1991,1975,1961,1958,1949,1939,1927,
13-12-2022   14:31:14,124,0,889,2263,,1903,1899,1902,1899,1886,1879,1849,1830,1778,1695,1578,1544,1643,1903,2234,2560,3049,3797,3561,1921,276,0,849,1719,

Duration in sec,90
EOD per sec,4,67
Average time
between EOD in ms,216
Max SPI interval,1951
Min SPI interval,4